Date,Open,High,Low,Close,Volume,Market Cap,Average (High + Low / 2)
Jun 14 2018,6342.75,6707.14,6334.46,6675.35,5138710000,108408000000,6520.80
Jun 13 2018,6596.88,6631.66,6285.63,6349.90,5052350000,112740000000,6458.65
Jun 12 2018,6905.82,6907.96,6542.08,6582.36,4654380000,118007000000,6725.02
Jun 11 2018,6799.29,6910.18,6706.63,6906.92,4745270000,116175000000,6808.41
Jun 10 2018,7499.55,7499.55,6709.07,6786.02,5804840000,128128000000,7104.31
Jun 09 2018,7632.52,7683.58,7531.98,7531.98,3845220000,130386000000,7607.78
Jun 08 2018,7685.14,7698.19,7558.40,7624.92,4227580000,131271000000,7628.30
Jun 07 2018,7650.82,7741.27,7650.82,7678.24,4485800000,130671000000,7696.05
Jun 06 2018,7625.97,7680.43,7502.01,7653.98,4692260000,130233000000,7591.22
Jun 05 2018,7500.90,7643.23,7397.00,7633.76,4961740000,128081000000,7520.11
Jun 04 2018,7722.53,7753.82,7474.04,7514.47,4993170000,131847000000,7613.93
Jun 03 2018,7632.09,7754.89,7613.04,7720.25,4851760000,130288000000,7683.97
Jun 02 2018,7536.72,7695.83,7497.26,7643.45,4939300000,128645000000,7596.55
Jun 01 2018,7500.70,7604.73,7407.34,7541.45,4921460000,128014000000,7506.03
May 31 2018,7406.15,7608.90,7361.13,7494.17,5127130000,126386000000,7485.01
May 30 2018,7469.73,7573.77,7313.60,7406.52,4922540000,127454000000,7443.69
May 29 2018,7129.46,7526.42,7090.68,7472.59,5662660000,121636000000,7308.55
May 28 2018,7371.31,7419.05,7100.89,7135.99,5040600000,125748000000,7259.97
May 27 2018,7362.08,7381.74,7270.96,7368.22,4056520000,125575000000,7326.35
May 26 2018,7486.48,7595.16,7349.12,7355.88,4051540000,127682000000,7472.14
May 25 2018,7592.30,7659.14,7392.65,7480.14,4867830000,129470000000,7525.90
May 24 2018,7561.12,7738.60,7331.14,7587.34,6049220000,128925000000,7534.87
May 23 2018,8037.08,8054.66,7507.88,7557.82,6491120000,137024000000,7781.27
May 22 2018,8419.87,8423.25,8004.58,8041.78,5137010000,143534000000,8213.92
May 21 2018,8522.33,8557.52,8365.12,8418.99,5154990000,145264000000,8461.32
May 20 2018,8246.99,8562.41,8205.24,8513.25,5191060000,140556000000,8383.83
May 19 2018,8255.73,8372.06,8183.35,8247.18,4712400000,140689000000,8277.70
May 18 2018,8091.83,8274.12,7974.82,8250.97,5764190000,137881000000,8124.47
May 17 2018,8370.05,8445.54,8054.12,8094.32,5862530000,142608000000,8249.83
May 16 2018,8504.41,8508.43,8175.49,8368.83,6760220000,144878000000,8341.96
May 15 2018,8705.19,8836.19,8456.45,8510.38,6705710000,148283000000,8646.32
May 14 2018,8713.10,8881.12,8367.97,8716.79,7364150000,148403000000,8624.55
May 13 2018,8515.49,8773.55,8395.12,8723.94,5866380000,145022000000,8584.33
May 12 2018,8441.44,8664.86,8223.50,8504.89,6821380000,143743000000,8444.18
May 11 2018,9052.96,9052.96,8394.46,8441.49,8488520000,154142000000,8723.71
May 10 2018,9325.96,9396.04,9040.52,9043.94,6906700000,158772000000,9218.28
May 09 2018,9223.73,9374.76,9031.62,9325.18,7226890000,157013000000,9203.19
May 08 2018,9380.87,9462.75,9127.77,9234.82,7415870000,159672000000,9295.26
May 07 2018,9645.67,9665.85,9231.53,9373.01,7394020000,164161000000,9448.69
May 06 2018,9845.31,9940.14,9465.25,9654.80,7222280000,167541000000,9702.69
May 05 2018,9700.28,9964.50,9695.12,9858.15,7651940000,165055000000,9829.81
May 04 2018,9695.50,9779.20,9585.96,9700.76,8217830000,164956000000,9682.58
May 03 2018,9233.97,9798.33,9188.15,9743.86,10207300000,157087000000,9493.24
May 02 2018,9104.60,9256.52,9015.14,9235.92,7558160000,154869000000,9135.83
May 01 2018,9251.47,9255.88,8891.05,9119.01,7713020000,157350000000,9073.47
Apr 30 2018,9426.11,9477.14,9166.81,9240.55,8673920000,160302000000,9321.97
Apr 29 2018,9346.41,9531.49,9193.71,9419.08,8853000000,158928000000,9362.60
Apr 28 2018,8939.27,9412.09,8931.99,9348.48,7805480000,151991000000,9172.04
Apr 27 2018,9290.63,9375.47,8987.05,8987.05,7566290000,157948000000,9181.26
Apr 26 2018,8867.32,9281.51,8727.09,9281.51,8970560000,150736000000,9004.30
Apr 25 2018,9701.03,9745.32,8799.84,8845.74,11083100000,164893000000,9272.58
Apr 24 2018,8934.34,9732.61,8927.83,9697.50,10678800000,151844000000,9330.22
Apr 23 2018,8794.39,8958.55,8788.81,8930.88,6925190000,149448000000,8873.68
Apr 22 2018,8925.06,9001.64,8779.61,8802.46,6629900000,151651000000,8890.62
Apr 21 2018,8848.79,8997.57,8652.15,8895.58,7548550000,150337000000,8824.86
Apr 20 2018,8286.88,8880.23,8244.54,8845.83,8438110000,140777000000,8562.39
Apr 19 2018,8159.27,8298.69,8138.78,8294.31,7063210000,138591000000,8218.74
Apr 18 2018,7944.43,8197.80,7886.01,8163.42,6529910000,134926000000,8041.90
Apr 17 2018,8071.66,8285.96,7881.72,7902.09,6900880000,137070000000,8083.84
Apr 16 2018,8337.57,8371.15,7925.73,8058.67,5631310000,141571000000,8148.44
Apr 15 2018,7999.33,8338.42,7999.33,8329.11,5244480000,135812000000,8168.88
Apr 14 2018,7874.67,8140.71,7846.00,7986.24,5191430000,133682000000,7993.35
Apr 13 2018,7901.09,8183.96,7758.93,7895.96,7764460000,134114000000,7971.44
Apr 12 2018,6955.38,7899.23,6806.51,7889.25,8906250000,118048000000,7352.87
Apr 11 2018,6843.47,6968.32,6817.59,6968.32,4641890000,116126000000,6892.95
Apr 10 2018,6795.44,6872.41,6704.15,6834.76,4272750000,115306000000,6788.28
Apr 09 2018,7044.32,7178.11,6661.99,6770.73,4894060000,119516000000,6920.05
Apr 08 2018,6919.98,7111.56,6919.98,7023.52,3652500000,117392000000,7015.77
Apr 07 2018,6630.51,7050.54,6630.51,6911.09,3976610000,112467000000,6840.52
Apr 06 2018,6815.96,6857.49,6575.00,6636.32,3766810000,115601000000,6716.24
Apr 05 2018,6848.65,6933.82,6644.80,6811.47,5639320000,116142000000,6789.31
Apr 04 2018,7456.41,7469.88,6803.88,6853.84,4936000000,126434000000,7136.88
Apr 03 2018,7102.26,7530.94,7072.49,7456.11,5499700000,120415000000,7301.72
Apr 02 2018,6844.86,7135.47,6816.58,7083.80,4333440000,116037000000,6976.02
Apr 01 2018,7003.06,7060.95,6526.87,6844.23,4532100000,118705000000,6793.91
Mar 31 2018,6892.48,7207.85,6863.52,6973.53,4553270000,116820000000,7035.69
Mar 30 2018,7171.45,7276.66,6683.93,6890.52,6289510000,121534000000,6980.30
Mar 29 2018,7979.07,7994.33,7081.38,7165.70,6361230000,135205000000,7537.85
Mar 28 2018,7836.83,8122.89,7809.17,7954.48,4935290000,132781000000,7966.03
Mar 27 2018,8200.00,8232.78,7797.28,7833.04,5378250000,138919000000,8015.03
Mar 26 2018,8498.47,8530.08,7921.43,8209.40,5921040000,143960000000,8225.76
Mar 25 2018,8612.81,8682.01,8449.10,8495.78,4569880000,145882000000,8565.56
Mar 24 2018,8901.95,8996.18,8665.70,8668.12,5664600000,150762000000,8830.94
Mar 23 2018,8736.25,8879.62,8360.62,8879.62,5954120000,147941000000,8620.12
Mar 22 2018,8939.44,9100.71,8564.90,8728.47,5530390000,151366000000,8832.81
Mar 21 2018,8937.48,9177.37,8846.33,8929.28,6043130000,151316000000,9011.85
Mar 20 2018,8619.67,9051.02,8389.89,8913.47,6361790000,145922000000,8720.45
Mar 19 2018,8344.12,8675.87,8182.40,8630.65,6729110000,141240000000,8429.14
Mar 18 2018,7890.52,8245.51,7397.99,8223.68,6639190000,133547000000,7821.75
Mar 17 2018,8321.91,8346.53,7812.82,7916.88,4426150000,140834000000,8079.68
Mar 16 2018,8322.91,8585.15,8005.31,8338.35,5289380000,140834000000,8295.23
Mar 15 2018,8290.76,8428.35,7783.05,8300.86,6834430000,140275000000,8105.70
Mar 14 2018,9214.65,9355.85,8068.59,8269.81,6438230000,155891000000,8712.22
Mar 13 2018,9173.04,9470.38,8958.19,9194.85,5991140000,155168000000,9214.28
Mar 12 2018,9602.93,9937.50,8956.43,9205.12,6457400000,162421000000,9446.97
Mar 11 2018,8852.78,9711.89,8607.12,9578.63,6296370000,149716000000,9159.51
Mar 10 2018,9350.59,9531.32,8828.47,8866.00,5386320000,158119000000,9179.90
Mar 09 2018,9414.69,9466.35,8513.03,9337.55,8704190000,159185000000,8989.69
Mar 08 2018,9951.44,10147.40,9335.87,9395.01,7186090000,168241000000,9741.64
Mar 07 2018,10803.90,10929.50,9692.12,9965.57,8797910000,182631000000,10310.81
Mar 06 2018,11500.10,11500.10,10694.30,10779.90,6832170000,194378000000,11097.20
Mar 05 2018,11532.40,11704.10,11443.90,11573.30,6468540000,194903000000,11574.00
Mar 04 2018,11497.40,11512.60,11136.10,11512.60,6084150000,194289000000,11324.35
Mar 03 2018,11101.90,11528.20,11002.40,11489.70,6690570000,187581000000,11265.30
Mar 02 2018,10977.40,11189.00,10850.10,11086.40,7620590000,185456000000,11019.55
Mar 01 2018,10385.00,11052.30,10352.70,10951.00,7317280000,175427000000,10702.50
Feb 28 2018,10687.20,11089.80,10393.10,10397.90,6936190000,180510000000,10741.45
Feb 27 2018,10393.90,10878.50,10246.10,10725.60,6966180000,175536000000,10562.30
Feb 26 2018,9669.43,10475.00,9501.73,10366.70,7287690000,163283000000,9988.36
Feb 25 2018,9796.42,9923.22,9407.06,9664.73,5706940000,165407000000,9665.14
Feb 24 2018,10287.70,10597.20,9546.97,9813.07,6917930000,173682000000,10072.08
Feb 23 2018,9937.07,10487.30,9734.56,10301.10,7739500000,167746000000,10110.93
Feb 22 2018,10660.40,11039.10,9939.09,10005.00,8040080000,179936000000,10489.10
Feb 21 2018,11372.20,11418.50,10479.10,10690.40,9405340000,191927000000,10948.80
Feb 20 2018,11231.80,11958.50,11231.80,11403.70,9926540000,189536000000,11595.15
Feb 19 2018,10552.60,11273.80,10513.20,11225.30,7652090000,178055000000,10893.50
Feb 18 2018,11123.40,11349.80,10326.00,10551.80,8744010000,187663000000,10837.90
Feb 17 2018,10207.50,11139.50,10149.40,11112.70,8660880000,172191000000,10644.45
Feb 16 2018,10135.70,10324.10,9824.82,10233.90,7296160000,170960000000,10074.46
Feb 15 2018,9488.32,10234.80,9395.58,10166.40,9062540000,160025000000,9815.19
Feb 14 2018,8599.92,9518.54,8599.92,9494.63,7909820000,145023000000,9059.23
Feb 13 2018,8926.72,8958.47,8455.41,8598.31,5696720000,150516000000,8706.94
Feb 12 2018,8141.43,8985.92,8141.43,8926.57,6256440000,137258000000,8563.67
Feb 11 2018,8616.13,8616.13,7931.10,8129.97,6122190000,145245000000,8273.61
Feb 10 2018,8720.08,9122.55,8295.47,8621.90,7780960000,146981000000,8709.01
Feb 09 2018,8271.84,8736.98,7884.71,8736.98,6784820000,139412000000,8310.84
Feb 08 2018,7637.86,8558.77,7637.86,8265.59,9346750000,128714000000,8098.32
Feb 07 2018,7755.49,8509.11,7236.79,7621.30,9169280000,130683000000,7872.95
Feb 06 2018,7051.75,7850.70,6048.26,7754.00,13999800000,118810000000,6949.48
Feb 05 2018,8270.54,8364.84,6756.68,6955.27,9285290000,139325000000,7560.76
Feb 04 2018,9175.70,9334.87,8031.22,8277.01,7073550000,154553000000,8683.05
Feb 03 2018,8852.12,9430.75,8251.63,9174.91,7263790000,149085000000,8841.19
Feb 02 2018,9142.28,9142.28,7796.49,8830.75,12726900000,153953000000,8469.39
Feb 01 2018,10237.30,10288.80,8812.28,9170.54,9959400000,172372000000,9550.54
Jan 31 2018,10108.20,10381.60,9777.42,10221.10,8041160000,170183000000,10079.51
Jan 30 2018,11306.80,11307.20,10036.20,10106.30,8637860000,190339000000,10671.70
Jan 29 2018,11755.50,11875.60,11179.20,11296.40,7107360000,197871000000,11527.40
Jan 28 2018,11475.30,12040.30,11475.30,11786.30,8350360000,193133000000,11757.80
Jan 27 2018,11174.90,11614.90,10989.20,11440.70,7583270000,188054000000,11302.05
Jan 26 2018,11256.00,11656.70,10470.30,11171.40,9746200000,189398000000,11063.50
Jan 25 2018,11421.70,11785.70,11057.40,11259.40,8873170000,192163000000,11421.55
Jan 24 2018,10903.40,11501.40,10639.80,11359.40,9940990000,183419000000,11070.60
Jan 23 2018,10944.50,11377.60,10129.70,10868.40,9660610000,184087000000,10753.65
Jan 22 2018,11633.10,11966.40,10240.20,10931.40,10537400000,195645000000,11103.30
Jan 21 2018,12889.20,12895.90,11288.20,11600.10,9935180000,216740000000,12092.05
Jan 20 2018,11656.20,13103.00,11656.20,12899.20,11801700000,195979000000,12379.60
Jan 19 2018,11429.80,11992.80,11172.10,11607.40,10740400000,192150000000,11582.45
Jan 18 2018,11198.80,12107.30,10942.50,11474.90,15020400000,188242000000,11524.90
Jan 17 2018,11431.10,11678.00,9402.29,11188.60,18830600000,192123000000,10540.15
Jan 16 2018,13836.10,13843.10,10194.90,11490.50,18853800000,232517000000,12019.00
Jan 15 2018,13767.30,14445.50,13641.70,13819.80,12750800000,231334000000,14043.60
Jan 14 2018,14370.80,14511.80,13268.00,13772.00,11084100000,241447000000,13889.90
Jan 13 2018,13952.40,14659.50,13952.40,14360.20,12763600000,234391000000,14305.95
Jan 12 2018,13453.90,14229.90,13158.10,13980.60,12065700000,225986000000,13694.00
Jan 11 2018,14968.20,15018.80,13105.90,13405.80,16534100000,251387000000,14062.35
Jan 10 2018,14588.50,14973.30,13691.20,14973.30,18500800000,244981000000,14332.25
Jan 09 2018,15123.70,15497.50,14424.00,14595.40,16660000000,253935000000,14960.75
Jan 08 2018,16476.20,16537.90,14208.20,15170.10,18413900000,276612000000,15373.05
Jan 07 2018,17527.30,17579.60,16087.70,16477.60,15866000000,294222000000,16833.65
Jan 06 2018,17462.10,17712.40,16764.60,17527.00,18314600000,293091000000,17238.50
Jan 05 2018,15477.20,17705.20,15202.80,17429.50,23840900000,259748000000,16454.00
Jan 04 2018,15270.70,15739.70,14522.20,15599.20,21783200000,256250000000,15130.95
Jan 03 2018,14978.20,15572.80,14844.50,15201.00,16871900000,251312000000,15208.65
Jan 02 2018,13625.00,15444.60,13163.60,14982.10,16846600000,228579000000,14304.10
Jan 01 2018,14112.20,14112.20,13154.70,13657.20,10291200000,236725000000,13633.45
Dec 31 2017,12897.70,14377.40,12755.60,14156.40,12136300000,216326000000,13566.50
Dec 30 2017,14681.90,14681.90,12350.10,12952.20,14452600000,246224000000,13516.00
Dec 29 2017,14695.80,15279.00,14307.00,14656.20,13025500000,246428000000,14793.00
Dec 28 2017,15864.10,15888.40,13937.30,14606.50,12336500000,265988000000,14912.85
Dec 27 2017,16163.50,16930.90,15114.30,15838.50,12487600000,270976000000,16022.60
Dec 26 2017,14036.60,16461.20,14028.90,16099.80,13454300000,235294000000,15245.05
Dec 25 2017,13995.90,14593.00,13448.90,14026.60,10664700000,234590000000,14020.95
Dec 24 2017,14608.20,14626.00,12747.70,13925.80,11572300000,244824000000,13686.85
Dec 23 2017,13948.70,15603.20,13828.80,14699.20,13086000000,233748000000,14716.00
Dec 22 2017,15898.00,15943.40,11833.00,13831.80,22198000000,266381000000,13888.20
Dec 21 2017,16642.40,17567.70,15342.70,15802.90,16516600000,278827000000,16455.20
Dec 20 2017,17760.30,17934.70,16077.70,16624.60,22149700000,297526000000,17006.20
Dec 19 2017,19118.30,19177.80,17275.40,17776.70,16894500000,320242000000,18226.60
Dec 18 2017,19106.40,19371.00,18355.90,19114.20,14839500000,320000000000,18863.45
Dec 17 2017,19475.80,20089.00,18974.10,19140.80,13314600000,326141000000,19531.55
Dec 16 2017,17760.30,19716.70,17515.30,19497.40,12740600000,297376000000,18616.00
Dec 15 2017,16601.30,18154.10,16601.30,17706.90,14310000000,277936000000,17377.70
Dec 14 2017,16384.60,17085.80,16185.90,16564.00,13777400000,274269000000,16635.85
Dec 13 2017,17500.00,17653.10,16039.70,16408.20,12976900000,292900000000,16846.40
Dec 12 2017,16919.80,17781.80,16571.60,17415.40,14603800000,283155000000,17176.70
Dec 11 2017,15427.40,17513.90,15404.80,16936.80,12153900000,258147000000,16459.35
Dec 10 2017,15168.40,15850.60,13226.60,15455.40,13433300000,253782000000,14538.60
Dec 09 2017,16523.30,16783.00,13674.90,15178.20,13911300000,276415000000,15228.95
Dec 08 2017,17802.90,18353.40,14336.90,16569.40,21136000000,297787000000,16345.15
Dec 07 2017,14266.10,17899.70,14057.30,17899.70,17950700000,238600000000,15978.50
Dec 06 2017,11923.40,14369.10,11923.40,14291.50,12656300000,199390000000,13146.25
Dec 05 2017,11685.70,12032.00,11604.60,11916.70,6895260000,195389000000,11818.30
Dec 04 2017,11315.40,11657.20,11081.80,11657.20,6132410000,189172000000,11369.50
Dec 03 2017,11082.70,11858.70,10862.00,11323.20,6608310000,185258000000,11360.35
Dec 02 2017,10978.30,11320.20,10905.10,11074.60,5138500000,183490000000,11112.65
Dec 01 2017,10198.60,11046.70,9694.65,10975.60,6783120000,170436000000,10370.67
Nov 30 2017,9906.79,10801.00,9202.05,10233.60,8310690000,165537000000,10001.52
Nov 29 2017,10077.40,11517.40,9601.03,9888.61,11568800000,168367000000,10559.22
Nov 28 2017,9823.43,10125.70,9736.30,10058.80,6348820000,164104000000,9931.00
Nov 27 2017,9352.72,9818.35,9352.72,9818.35,5653320000,156221000000,9585.53
Nov 26 2017,8789.04,9522.93,8775.59,9330.55,5475580000,146789000000,9149.26
Nov 25 2017,8241.71,8790.92,8191.15,8790.92,4342060000,137632000000,8491.03
Nov 24 2017,8074.02,8374.16,7940.93,8253.69,5058610000,134816000000,8157.55
Nov 23 2017,8232.38,8267.40,8038.77,8038.77,4225180000,137444000000,8153.09
Nov 22 2017,8077.95,8302.26,8075.47,8253.55,3633530000,134851000000,8188.86
Nov 21 2017,8205.74,8348.66,7762.71,8071.26,4277610000,136967000000,8055.68
Nov 20 2017,8039.07,8336.86,7949.36,8200.64,3488450000,134167000000,8143.11
Nov 19 2017,7766.03,8101.91,7694.10,8036.49,3149320000,129595000000,7898.01
Nov 18 2017,7697.21,7884.99,7463.44,7790.15,3667190000,128425000000,7674.22
Nov 17 2017,7853.57,8004.59,7561.09,7708.99,4651670000,131026000000,7782.84
Nov 16 2017,7323.24,7967.38,7176.58,7871.69,5123810000,122164000000,7571.98
Nov 15 2017,6634.76,7342.25,6634.76,7315.54,4200880000,110667000000,6988.51
Nov 14 2017,6561.48,6764.98,6461.75,6635.75,3197110000,109434000000,6613.36
Nov 13 2017,5938.25,6811.19,5844.29,6559.49,6263250000,99029000000,6327.74
Nov 12 2017,6295.45,6625.05,5519.01,5950.07,8957350000,104980000000,6072.03
Nov 11 2017,6618.61,6873.15,6204.22,6357.60,4908680000,110362000000,6538.68
Nov 10 2017,7173.73,7312.00,6436.87,6618.14,5208250000,119607000000,6874.43
Nov 09 2017,7446.83,7446.83,7101.52,7143.58,3226250000,124146000000,7274.18
Nov 08 2017,7141.38,7776.42,7114.02,7459.69,4602200000,119041000000,7445.22
Nov 07 2017,7023.10,7253.32,7023.10,7144.38,2326340000,117056000000,7138.21
Nov 06 2017,7403.22,7445.77,7007.31,7022.76,3111900000,123379000000,7226.54
Nov 05 2017,7404.52,7617.48,7333.19,7407.41,2380410000,123388000000,7475.33
Nov 04 2017,7164.48,7492.86,7031.28,7379.95,2483800000,119376000000,7262.07
Nov 03 2017,7087.53,7461.29,7002.94,7207.76,3369860000,118084000000,7232.11
Nov 02 2017,6777.77,7367.33,6758.72,7078.50,4653770000,112910000000,7063.02
Nov 01 2017,6440.97,6767.31,6377.88,6767.31,2870320000,107287000000,6572.60
Oct 31 2017,6132.02,6470.43,6103.33,6468.40,2311380000,102130000000,6286.88
Oct 30 2017,6114.85,6214.99,6040.85,6130.53,1772150000,101833000000,6127.92
Oct 29 2017,5754.44,6255.71,5724.58,6153.85,2859040000,95819800000,5990.15
Oct 28 2017,5787.82,5876.72,5689.19,5753.09,1403920000,96369600000,5782.95
Oct 27 2017,5899.74,5988.39,5728.82,5780.90,1710130000,98225400000,5858.60
Oct 26 2017,5747.95,5976.80,5721.22,5904.83,1905040000,95685100000,5849.01
Oct 25 2017,5524.60,5754.33,5397.88,5750.80,1966990000,91954200000,5576.10
Oct 24 2017,5935.52,5935.52,5504.18,5526.64,2735700000,98781600000,5719.85
Oct 23 2017,6006.00,6075.59,5732.47,5930.32,2401840000,99941600000,5904.03
Oct 22 2017,6036.66,6076.26,5792.34,6008.42,2034630000,100438000000,5934.30
Oct 21 2017,5996.79,6194.88,5965.07,6031.60,2207100000,99763200000,6079.98
Oct 20 2017,5708.11,6060.11,5627.23,6011.45,2354430000,94947900000,5843.67
Oct 19 2017,5583.74,5744.35,5531.06,5708.52,1780540000,92867000000,5637.70
Oct 18 2017,5603.82,5603.82,5151.44,5590.69,2399270000,93190200000,5377.63
Oct 17 2017,5741.58,5800.35,5472.72,5605.51,1821570000,95469300000,5636.53
Oct 16 2017,5687.57,5776.23,5544.21,5725.59,2008070000,94559000000,5660.22
Oct 15 2017,5835.96,5852.48,5478.61,5678.19,1976040000,97011900000,5665.55
Oct 14 2017,5643.53,5837.70,5591.64,5831.79,1669030000,93803000000,5714.67
Oct 13 2017,5464.16,5840.30,5436.85,5647.21,3615480000,90812400000,5638.58
Oct 12 2017,4829.58,5446.91,4822.00,5446.91,2791610000,80256700000,5134.45
Oct 11 2017,4789.25,4873.73,4751.63,4826.48,1222280000,79578200000,4812.68
Oct 10 2017,4776.21,4922.17,4765.10,4781.99,1597140000,79351800000,4843.64
Oct 09 2017,4614.52,4878.71,4564.25,4772.02,1968740000,76656500000,4721.48
Oct 08 2017,4429.67,4624.14,4405.64,4610.48,1313870000,73575400000,4514.89
Oct 07 2017,4369.35,4443.88,4321.05,4426.89,906928000,72565100000,4382.47
Oct 06 2017,4324.46,4413.27,4320.53,4370.81,1069940000,71810600000,4366.90
Oct 05 2017,4229.88,4362.64,4164.05,4328.41,1161770000,70233700000,4263.35
Oct 04 2017,4319.37,4352.31,4210.42,4229.36,1116770000,71712500000,4281.36
Oct 03 2017,4408.46,4432.47,4258.89,4317.48,1288020000,73181300000,4345.68
Oct 02 2017,4395.81,4470.23,4377.46,4409.32,1431730000,72963200000,4423.84
Oct 01 2017,4341.05,4403.74,4269.81,4403.74,1208210000,72047300000,4336.77
Sep 30 2017,4166.11,4358.43,4160.86,4338.71,1207450000,69136600000,4259.65
Sep 29 2017,4171.62,4214.63,4039.29,4163.07,1367050000,69219200000,4126.96
Sep 28 2017,4197.13,4279.31,4109.70,4174.73,1712320000,69633200000,4194.51
Sep 27 2017,3892.94,4210.05,3884.82,4200.67,1686880000,64579200000,4047.44
Sep 26 2017,3928.41,3969.89,3869.90,3892.35,1043740000,65161000000,3919.89
Sep 25 2017,3681.58,3950.25,3681.58,3926.07,1374210000,61061100000,3815.91
Sep 24 2017,3796.15,3796.15,3666.90,3682.84,768015000,62954300000,3731.53
Sep 23 2017,3629.92,3819.21,3594.58,3792.40,928114000,60190000000,3706.89
Sep 22 2017,3628.02,3758.27,3553.53,3630.70,1194830000,60152300000,3655.90
Sep 21 2017,3901.47,3916.42,3613.63,3631.04,1411480000,64677600000,3765.03
Sep 20 2017,3916.36,4031.39,3857.73,3905.95,1213830000,64918500000,3944.56
Sep 19 2017,4073.79,4094.07,3868.87,3924.97,1563980000,67520300000,3981.47
Sep 18 2017,3591.09,4079.23,3591.09,4065.20,1943210000,59514100000,3835.16
Sep 17 2017,3606.28,3664.81,3445.64,3582.88,1239150000,59757800000,3555.22
Sep 16 2017,3637.75,3808.84,3487.79,3625.04,1818400000,60271600000,3648.32
Sep 15 2017,3166.30,3733.45,2946.62,3637.52,4148070000,52453500000,3340.03
Sep 14 2017,3875.37,3920.60,3153.86,3154.95,2716310000,64191600000,3537.23
Sep 13 2017,4131.98,4131.98,3789.92,3882.59,2219410000,68432200000,3960.95
Sep 12 2017,4168.88,4344.65,4085.22,4130.81,1864530000,69033400000,4214.93
Sep 11 2017,4122.47,4261.67,4099.40,4161.27,1557330000,68256000000,4180.53
Sep 10 2017,4229.34,4245.44,3951.04,4122.94,1679090000,70018100000,4098.24
Sep 09 2017,4229.81,4308.82,4114.11,4226.06,1386230000,70017200000,4211.47
Sep 08 2017,4605.16,4661.00,4075.18,4228.75,2700890000,76220200000,4368.09
Sep 07 2017,4589.14,4655.04,4491.33,4599.88,1844620000,75945000000,4573.18
Sep 06 2017,4376.59,4617.25,4376.59,4597.12,2172100000,72418700000,4496.92
Sep 05 2017,4228.29,4427.84,3998.11,4376.53,2697970000,69954400000,4212.98
Sep 04 2017,4591.63,4591.63,4108.40,4236.31,2987330000,75955500000,4350.01
Sep 03 2017,4585.27,4714.08,4417.59,4582.96,1933190000,75841700000,4565.84
Sep 02 2017,4901.42,4975.04,4469.24,4578.77,2722140000,81060600000,4722.14
Sep 01 2017,4701.76,4892.01,4678.53,4892.01,2599080000,77748400000,4785.27
Aug 31 2017,4555.59,4736.05,4549.40,4703.39,1944930000,75322300000,4642.73
Aug 30 2017,4570.36,4626.52,4471.41,4565.30,1937850000,75556600000,4548.97
Aug 29 2017,4389.21,4625.68,4352.13,4579.02,2486080000,72553800000,4488.91
Aug 28 2017,4384.45,4403.93,4224.64,4382.66,1959330000,72467900000,4314.28
Aug 27 2017,4345.10,4416.59,4317.29,4382.88,1537460000,71809200000,4366.94
Aug 26 2017,4372.06,4379.28,4269.52,4352.40,1511610000,72249100000,4324.40
Aug 25 2017,4332.82,4455.70,4307.35,4371.60,1727970000,71595100000,4381.52
Aug 24 2017,4137.60,4376.39,4130.26,4334.68,2037750000,68363900000,4253.33
Aug 23 2017,4089.01,4255.78,4078.41,4151.52,2369820000,67553000000,4167.09
Aug 22 2017,3998.35,4128.76,3674.58,4100.52,3764240000,66051000000,3901.67
Aug 21 2017,4090.48,4109.14,3988.60,4001.74,2800890000,67567100000,4048.87
Aug 20 2017,4189.31,4196.29,4069.88,4087.66,2109770000,69192700000,4133.09
Aug 19 2017,4137.75,4243.26,3970.55,4193.70,2975820000,68333100000,4106.91
Aug 18 2017,4324.34,4370.13,4015.40,4160.62,2941710000,71406500000,4192.77
Aug 17 2017,4384.44,4484.70,4243.71,4331.69,2553360000,72389100000,4364.20
Aug 16 2017,4200.34,4381.23,3994.42,4376.63,2272040000,69342700000,4187.82
Aug 15 2017,4326.99,4455.97,3906.18,4181.93,3258050000,71425500000,4181.07
Aug 14 2017,4066.10,4325.13,3989.16,4325.13,2463090000,67112300000,4157.15
Aug 13 2017,3880.04,4208.39,3857.80,4073.26,3159090000,64034100000,4033.10
Aug 12 2017,3650.63,3949.92,3613.70,3884.71,2219590000,60242100000,3781.81
Aug 11 2017,3373.82,3679.72,3372.12,3650.62,2021190000,55668000000,3525.92
Aug 10 2017,3341.84,3453.45,3319.47,3381.28,1515110000,55134700000,3386.46
Aug 09 2017,3420.40,3422.76,3247.67,3342.47,1468960000,56424900000,3335.22
Aug 08 2017,3370.22,3484.85,3345.83,3419.94,1752760000,55590300000,3415.34
Aug 07 2017,3212.78,3397.68,3180.89,3378.94,1482280000,52987300000,3289.28
Aug 06 2017,3257.61,3293.29,3155.60,3213.94,1105030000,53720900000,3224.44
Aug 05 2017,2897.63,3290.01,2874.83,3252.91,1945700000,47778200000,3082.42
Aug 04 2017,2806.93,2899.33,2743.72,2895.89,1002120000,46276200000,2821.52
Aug 03 2017,2709.56,2813.31,2685.14,2804.73,804797000,44666400000,2749.22
Aug 02 2017,2727.13,2762.53,2668.59,2710.67,1094950000,44950800000,2715.56
Aug 01 2017,2871.30,2921.35,2685.61,2718.26,1324670000,47321800000,2803.48
Jul 31 2017,2763.24,2889.62,2720.61,2875.34,860575000,45535800000,2805.11
Jul 30 2017,2724.39,2758.53,2644.85,2757.18,705943000,44890700000,2701.69
Jul 29 2017,2807.02,2808.76,2692.80,2726.45,803746000,46246700000,2750.78
Jul 28 2017,2679.73,2897.45,2679.73,2809.01,1380100000,44144400000,2788.59
Jul 27 2017,2538.71,2693.32,2529.34,2671.78,789104000,41816500000,2611.33
Jul 26 2017,2577.77,2610.76,2450.80,2529.45,937404000,42455000000,2530.78
Jul 25 2017,2757.50,2768.08,2480.96,2576.48,1460090000,45410100000,2624.52
Jul 24 2017,2732.70,2777.26,2699.19,2754.86,866474000,44995600000,2738.23
Jul 23 2017,2808.10,2832.18,2653.94,2730.40,1072840000,46231100000,2743.06
Jul 22 2017,2668.63,2862.42,2657.71,2810.12,1177130000,43929600000,2760.07
Jul 21 2017,2838.41,2838.41,2621.85,2667.76,1489450000,46719000000,2730.13
Jul 20 2017,2269.89,2900.70,2269.89,2817.60,2249260000,37356800000,2585.30
Jul 19 2017,2323.08,2397.17,2260.23,2273.43,1245100000,38227800000,2328.70
Jul 18 2017,2233.52,2387.61,2164.77,2318.88,1512450000,36749400000,2276.19
Jul 17 2017,1932.62,2230.49,1932.62,2228.41,1201760000,31795000000,2081.55
Jul 16 2017,1991.98,2058.77,1843.03,1929.82,1182870000,32767600000,1950.90
Jul 15 2017,2230.12,2231.14,1990.41,1998.86,993608000,36681300000,2110.78
Jul 14 2017,2360.59,2363.25,2183.22,2233.34,882503000,38823100000,2273.23
Jul 13 2017,2402.70,2425.22,2340.83,2357.90,835770000,39511000000,2383.02
Jul 12 2017,2332.77,2423.71,2275.14,2398.84,1117410000,38355900000,2349.43
Jul 11 2017,2385.89,2413.47,2296.81,2337.79,1329760000,39224200000,2355.14
Jul 10 2017,2525.25,2537.16,2321.13,2372.56,1111200000,41509000000,2429.14
Jul 09 2017,2572.61,2635.49,2517.59,2518.44,527856000,42283200000,2576.54
Jul 08 2017,2520.27,2571.34,2492.31,2571.34,733330000,41417700000,2531.82
Jul 07 2017,2608.59,2916.14,2498.87,2518.66,917412000,42864200000,2707.51
Jul 06 2017,2608.10,2616.72,2581.69,2608.56,761957000,42851400000,2599.20
Jul 05 2017,2602.87,2622.65,2538.55,2601.99,941566000,42760800000,2580.60
Jul 04 2017,2561.00,2631.59,2559.35,2601.64,985516000,42067900000,2595.47
Jul 03 2017,2498.56,2595.00,2480.47,2564.06,964112000,41037200000,2537.73
Jul 02 2017,2436.40,2514.28,2394.84,2506.47,803747000,40010500000,2454.56
Jul 01 2017,2492.60,2515.27,2419.23,2434.55,779914000,40928200000,2467.25
Jun 30 2017,2539.24,2559.25,2478.43,2480.84,860273000,41689100000,2518.84
Jun 29 2017,2567.56,2588.83,2510.48,2539.32,949979000,42150300000,2549.65
Jun 28 2017,2553.03,2603.98,2484.42,2574.79,1183870000,41906700000,2544.20
Jun 27 2017,2478.45,2552.45,2332.99,2552.45,1489790000,40677900000,2442.72
Jun 26 2017,2590.57,2615.25,2376.29,2478.45,1663280000,42514000000,2495.77
Jun 25 2017,2607.25,2682.26,2552.12,2589.41,1161100000,42783800000,2617.19
Jun 24 2017,2738.52,2757.94,2583.19,2608.72,982750000,44932900000,2670.57
Jun 23 2017,2707.34,2765.17,2706.37,2744.91,961319000,44415900000,2735.77
Jun 22 2017,2691.03,2723.74,2642.36,2705.41,1097940000,44143700000,2683.05
Jun 21 2017,2709.43,2772.01,2660.40,2689.10,1626580000,44440800000,2716.20
Jun 20 2017,2591.26,2763.45,2589.82,2721.79,1854190000,42498000000,2676.64
Jun 19 2017,2549.03,2662.85,2549.03,2589.60,1446840000,41800600000,2605.94
Jun 18 2017,2655.35,2662.10,2516.33,2548.29,1178660000,43539300000,2589.22
Jun 17 2017,2514.01,2685.19,2484.96,2655.88,1534510000,41217200000,2585.07
Jun 16 2017,2469.57,2539.92,2385.15,2518.56,1195190000,40484100000,2462.53
Jun 15 2017,2499.58,2534.71,2212.96,2464.58,2026260000,40971300000,2373.84
Jun 14 2017,2716.88,2786.83,2412.94,2506.37,1696560000,44528300000,2599.89
Jun 13 2017,2680.91,2789.04,2650.38,2717.02,1781200000,43934100000,2719.71
Jun 12 2017,2953.22,2997.26,2518.56,2659.63,2569530000,48391200000,2757.91
Jun 11 2017,2942.41,2996.60,2840.53,2958.11,1752400000,48208700000,2918.57
Jun 10 2017,2828.14,2950.99,2746.55,2947.71,2018890000,46331400000,2848.77
Jun 09 2017,2807.44,2901.71,2795.62,2823.81,1348950000,45987100000,2848.66
Jun 08 2017,2720.49,2815.30,2670.95,2805.62,1281170000,44557100000,2743.12
Jun 07 2017,2869.38,2869.38,2700.56,2732.16,1517710000,46989800000,2784.97
Jun 06 2017,2690.84,2999.91,2690.84,2863.20,2089610000,44061000000,2845.38
Jun 05 2017,2512.40,2686.81,2510.22,2686.81,1369310000,41133900000,2598.51
Jun 04 2017,2547.79,2585.89,2452.54,2511.81,1355120000,41708200000,2519.22
Jun 03 2017,2493.72,2581.91,2423.57,2515.35,1514950000,40817100000,2502.74
Jun 02 2017,2404.03,2488.55,2373.32,2488.55,1317030000,39344600000,2430.94
Jun 01 2017,2288.33,2448.39,2288.33,2407.88,1653180000,37446200000,2368.36
May 31 2017,2187.19,2311.08,2145.57,2286.41,1544830000,35786700000,2228.32
May 30 2017,2255.36,2301.96,2124.57,2175.47,1443970000,36897000000,2213.27
May 29 2017,2159.43,2307.05,2107.17,2255.61,994625000,35323500000,2207.11
May 28 2017,2054.08,2267.34,2054.08,2155.80,1147140000,33595900000,2160.71
May 27 2017,2196.27,2260.20,1855.83,2038.87,1700480000,35917100000,2058.01
May 26 2017,2320.89,2573.79,2071.99,2202.42,1763480000,37950600000,2322.89
May 25 2017,2446.24,2763.71,2285.30,2304.98,2406700000,39995400000,2524.51
May 24 2017,2321.37,2523.72,2321.37,2443.64,1725380000,37949200000,2422.55
May 23 2017,2191.56,2320.82,2178.50,2320.42,1378750000,35822600000,2249.66
May 22 2017,2043.19,2303.90,2017.87,2173.40,1942220000,33393600000,2160.89
May 21 2017,2067.03,2119.08,2037.50,2041.20,1147860000,33779400000,2078.29
May 20 2017,1984.24,2084.73,1974.92,2084.73,961336000,32422400000,2029.83
May 19 2017,1897.37,2004.52,1890.25,1987.71,1157290000,30999000000,1947.38
May 18 2017,1818.70,1904.48,1807.12,1888.65,894321000,29710500000,1855.80
May 17 2017,1726.73,1864.05,1661.91,1839.09,1064730000,28204800000,1762.98
May 16 2017,1741.70,1785.94,1686.54,1734.45,959045000,28446300000,1736.24
May 15 2017,1808.44,1812.80,1708.54,1738.43,731529000,29532600000,1760.67
May 14 2017,1800.86,1831.42,1776.62,1808.91,437196000,29405100000,1804.02
May 13 2017,1723.12,1812.99,1651.08,1804.91,579635000,28132300000,1732.03
May 12 2017,1845.76,1856.15,1694.01,1724.24,740984000,30131100000,1775.08
May 11 2017,1780.37,1873.93,1755.35,1848.57,799490000,29060600000,1814.64
May 10 2017,1756.52,1788.44,1719.10,1787.13,915723000,28668100000,1753.77
May 09 2017,1723.89,1833.49,1716.30,1755.36,1167920000,28132200000,1774.89
May 08 2017,1596.92,1723.35,1596.92,1723.35,1340320000,26056500000,1660.13
May 07 2017,1579.47,1596.72,1559.76,1596.71,1080030000,25768500000,1578.24
May 06 2017,1556.81,1578.80,1542.50,1578.80,582530000,25395600000,1560.65
May 05 2017,1540.87,1618.03,1530.31,1555.45,946036000,25133100000,1574.17
May 04 2017,1490.72,1608.91,1490.72,1537.67,933549000,24311900000,1549.82
May 03 2017,1453.78,1492.77,1447.49,1490.09,583796000,23707100000,1470.13
May 02 2017,1421.03,1473.90,1415.69,1452.82,477338000,23170200000,1444.80
May 01 2017,1348.30,1434.32,1348.30,1421.60,713624000,21981800000,1391.31
Apr 30 2017,1321.87,1347.91,1314.92,1347.89,413115000,21548400000,1331.41
Apr 29 2017,1317.84,1327.20,1315.21,1321.79,422706000,21479800000,1321.20
Apr 28 2017,1317.74,1331.28,1292.37,1316.48,527489000,21476000000,1311.82
Apr 27 2017,1281.88,1319.70,1281.30,1317.73,449197000,20889200000,1300.50
Apr 26 2017,1265.99,1294.83,1265.93,1281.08,329631000,20627900000,1280.38
Apr 25 2017,1250.45,1267.58,1249.97,1265.49,242556000,20372300000,1258.78
Apr 24 2017,1209.63,1250.94,1209.63,1250.15,235806000,19705400000,1230.29
Apr 23 2017,1231.92,1232.20,1203.94,1207.21,258951000,20066200000,1218.07
Apr 22 2017,1222.71,1235.56,1208.47,1231.71,249320000,19913900000,1222.01
Apr 21 2017,1229.42,1235.94,1215.56,1222.05,272167000,20020700000,1225.75
Apr 20 2017,1211.08,1240.79,1208.41,1229.08,315108000,19719900000,1224.60
Apr 19 2017,1212.13,1215.51,1205.08,1210.29,288061000,19734800000,1210.30
Apr 18 2017,1193.77,1217.57,1193.77,1211.67,270524000,19433800000,1205.67
Apr 17 2017,1183.25,1194.90,1172.65,1193.91,253206000,19260500000,1183.78
Apr 16 2017,1172.61,1187.22,1172.61,1182.94,183231000,19085100000,1179.91
Apr 15 2017,1167.30,1188.00,1164.96,1172.52,203559000,18996500000,1176.48
Apr 14 2017,1170.33,1190.80,1159.79,1167.54,254827000,19043800000,1175.30
Apr 13 2017,1201.02,1205.89,1156.44,1169.28,351969000,19541300000,1181.16
Apr 12 2017,1204.81,1207.14,1196.76,1200.37,288702000,19600800000,1201.95
Apr 11 2017,1187.46,1208.07,1187.46,1205.01,216182000,19316000000,1197.76
Apr 10 2017,1187.30,1190.34,1179.04,1187.13,215883000,19311200000,1184.69
Apr 09 2017,1176.57,1197.21,1171.86,1187.87,242343000,19134400000,1184.53
Apr 08 2017,1172.65,1184.98,1162.58,1175.95,209312000,19068600000,1173.78
Apr 07 2017,1178.94,1186.58,1163.39,1176.90,317022000,19168500000,1174.99
Apr 06 2017,1125.81,1188.37,1125.81,1182.68,511222000,18302600000,1157.09
Apr 05 2017,1134.14,1135.09,1113.63,1124.78,414784000,18435700000,1124.36
Apr 04 2017,1145.52,1156.44,1120.52,1133.25,436310000,18619000000,1138.48
Apr 03 2017,1102.95,1151.74,1102.95,1143.81,580444000,17924600000,1127.35
Apr 02 2017,1080.61,1107.59,1075.45,1102.17,514187000,17559400000,1091.52
Apr 01 2017,1071.71,1091.72,1061.09,1080.50,289634000,17413000000,1076.40
Mar 31 2017,1026.64,1074.92,1026.64,1071.79,447287000,16679000000,1050.78
Mar 30 2017,1042.21,1049.29,1020.04,1026.43,352969000,16929800000,1034.66
Mar 29 2017,1046.08,1055.13,1015.88,1039.97,298458000,16990900000,1035.51
Mar 28 2017,1044.58,1064.65,1027.73,1047.15,326332000,16964500000,1046.19
Mar 27 2017,972.05,1046.40,971.98,1045.77,372535000,15785000000,1009.19
Mar 26 2017,974.01,1007.96,954.19,966.73,303668000,15814800000,981.08
Mar 25 2017,936.54,975.76,903.71,972.78,435803000,15204800000,939.74
Mar 24 2017,1038.45,1040.47,934.36,937.52,491038000,16857000000,987.41
Mar 23 2017,1050.05,1058.01,1028.93,1038.59,248540000,17043400000,1043.47
Mar 22 2017,1120.65,1120.65,1014.21,1049.14,380841000,18187100000,1067.43
Mar 21 2017,1055.36,1122.43,1055.36,1120.54,337391000,17125600000,1088.89
Mar 20 2017,1037.24,1063.03,1036.68,1054.23,286530000,16829800000,1049.86
Mar 19 2017,976.73,1069.91,976.73,1036.74,406648000,15846000000,1023.32
Mar 18 2017,1099.69,1114.07,957.65,973.82,621302000,17838700000,1035.86
Mar 17 2017,1180.16,1180.16,1099.57,1100.23,706599000,19141800000,1139.87
Mar 16 2017,1251.33,1257.98,1152.44,1187.81,638568000,20293700000,1205.21
Mar 15 2017,1240.16,1251.61,1239.75,1249.61,297805000,20110400000,1245.68
Mar 14 2017,1232.16,1244.81,1220.72,1240.00,245306000,19978200000,1232.76
Mar 13 2017,1221.78,1237.37,1217.03,1231.92,380277000,19807700000,1227.20
Mar 12 2017,1176.62,1226.98,1175.36,1221.38,227176000,19073300000,1201.17
Mar 11 2017,1116.32,1193.83,1116.32,1175.83,283320000,18093700000,1155.07
Mar 10 2017,1189.36,1270.47,1077.25,1116.72,563796000,19275300000,1173.86
Mar 09 2017,1150.35,1197.46,1141.23,1188.49,212283000,18640900000,1169.35
Mar 08 2017,1223.23,1232.16,1148.08,1150.00,332603000,19819800000,1190.12
Mar 07 2017,1273.21,1275.55,1204.80,1223.54,291256000,20627100000,1240.17
Mar 06 2017,1267.47,1276.00,1264.60,1272.83,153657000,20531900000,1270.30
Mar 05 2017,1254.29,1267.29,1238.06,1267.12,134127000,20316000000,1252.67
Mar 04 2017,1277.43,1279.40,1230.51,1255.15,183270000,20688800000,1254.95
Mar 03 2017,1250.71,1280.31,1250.71,1274.99,315739000,20253700000,1265.51
Mar 02 2017,1224.68,1262.13,1215.62,1251.01,368275000,19829800000,1238.88
Mar 01 2017,1180.04,1222.50,1179.69,1222.50,229057000,19104800000,1201.10
Feb 28 2017,1180.72,1193.25,1171.82,1179.97,184956000,19113600000,1182.53
Feb 27 2017,1163.78,1181.98,1163.38,1179.97,131570000,18837300000,1172.68
Feb 26 2017,1144.27,1167.47,1130.20,1165.20,116486000,18518900000,1148.84
Feb 25 2017,1170.41,1174.85,1124.59,1143.84,139961000,18939500000,1149.72
Feb 24 2017,1172.71,1200.39,1131.96,1173.68,330759000,18974400000,1166.18
Feb 23 2017,1117.27,1176.62,1116.96,1166.72,189454000,18075200000,1146.79
Feb 22 2017,1114.80,1125.39,1100.55,1117.44,136100000,18033400000,1112.97
Feb 21 2017,1079.28,1117.25,1076.93,1115.30,186869000,17456900000,1097.09
Feb 20 2017,1048.69,1080.49,1041.69,1079.98,109478000,16960200000,1061.09
Feb 19 2017,1054.76,1056.81,1043.46,1047.87,77423300,17056600000,1050.13
Feb 18 2017,1049.21,1061.10,1046.96,1054.42,99073500,16964800000,1054.03
Feb 17 2017,1026.12,1053.17,1025.64,1046.21,136474000,16589600000,1039.41
Feb 16 2017,1007.65,1033.37,1007.65,1027.44,122277000,16289100000,1020.51
Feb 15 2017,1006.21,1008.84,1001.58,1007.48,89759400,16264100000,1005.21
Feb 14 2017,991.74,1011.51,986.47,1004.55,137946000,16028000000,998.99
Feb 13 2017,998.88,1002.10,976.00,990.64,100607000,16141500000,989.05
Feb 12 2017,1003.52,1004.76,996.92,999.18,67530000,16214700000,1000.84
Feb 11 2017,988.90,1009.29,982.83,1004.45,102261000,15976700000,996.06
Feb 10 2017,995.63,998.90,946.69,988.67,190452000,16083600000,972.80
Feb 09 2017,1064.70,1088.99,953.34,994.38,407220000,17197100000,1021.16
Feb 08 2017,1062.32,1078.97,1037.49,1063.07,201855000,17156700000,1058.23
Feb 07 2017,1040.14,1061.93,1040.14,1061.35,146007000,16796600000,1051.04
Feb 06 2017,1028.40,1044.64,1028.16,1038.15,111762000,16605400000,1036.40
Feb 05 2017,1043.52,1043.63,1022.37,1027.34,114208000,16847400000,1033.00
Feb 04 2017,1031.33,1045.90,1015.16,1042.90,155064000,16648800000,1030.53
Feb 03 2017,1011.46,1033.87,1008.79,1029.91,201278000,16326100000,1021.33
Feb 02 2017,990.00,1013.52,983.22,1011.80,145821000,15977800000,998.37
Feb 01 2017,970.94,989.11,970.74,989.02,150110000,15667900000,979.92
Jan 31 2017,920.96,972.02,920.96,970.40,164582000,14859700000,946.49
Jan 30 2017,920.15,923.05,919.47,920.38,78227300,14844900000,921.26
Jan 29 2017,922.07,923.42,919.15,919.50,60851700,14874000000,921.28
Jan 28 2017,919.81,923.91,919.81,921.59,68979600,14835800000,921.86
Jan 27 2017,918.36,923.22,915.85,919.75,125594000,14810400000,919.54
Jan 26 2017,902.39,919.33,902.22,917.59,131958000,14551200000,910.78
Jan 25 2017,891.92,903.25,891.69,901.54,120831000,14380700000,897.47
Jan 24 2017,910.68,924.14,892.29,892.69,111349000,14681400000,908.21
Jan 23 2017,925.50,928.27,916.74,921.01,73588600,14918800000,922.50
Jan 22 2017,922.21,937.52,897.56,924.67,116573000,14863600000,917.54
Jan 21 2017,895.55,927.37,895.53,921.79,111158000,14432000000,911.45
Jan 20 2017,898.17,899.40,887.01,895.03,86728400,14472100000,893.20
Jan 19 2017,888.34,904.61,884.34,899.07,105625000,14311700000,894.48
Jan 18 2017,909.37,917.50,858.30,886.62,225677000,14648900000,887.90
Jan 17 2017,830.95,910.56,830.80,907.94,155095000,13383900000,870.68
Jan 16 2017,821.78,834.53,820.27,831.53,82755200,13234600000,827.40
Jan 15 2017,818.14,823.31,812.87,821.80,71013600,13174300000,818.09
Jan 14 2017,825.14,835.09,812.46,818.41,93063300,13285200000,823.78
Jan 13 2017,803.74,829.00,780.00,823.98,168968000,12939100000,804.50
Jan 12 2017,775.18,826.25,755.76,804.83,222326000,12477600000,791.00
Jan 11 2017,908.12,919.45,762.76,777.76,310929000,14615700000,841.11
Jan 10 2017,902.44,914.87,901.06,907.68,115808000,14522600000,907.96
Jan 09 2017,913.24,913.69,879.81,902.83,141877000,14694900000,896.75
Jan 08 2017,908.17,942.72,887.25,911.20,158715000,14611400000,914.99
Jan 07 2017,903.49,908.59,823.56,908.59,279550000,14534400000,866.08
Jan 06 2017,1014.24,1046.81,883.94,902.20,351876000,16314100000,965.38
Jan 05 2017,1156.73,1191.10,910.42,1013.38,510199000,18604000000,1050.76
Jan 04 2017,1044.40,1159.42,1044.40,1154.73,344946000,16795400000,1101.91
Jan 03 2017,1021.60,1044.08,1021.60,1043.84,185168000,16426600000,1032.84
Jan 02 2017,998.62,1031.39,996.70,1021.75,222185000,16055100000,1014.05
Jan 01 2017,963.66,1003.08,958.70,998.33,147775000,15491200000,980.89
Dec 31 2016,960.63,963.74,947.24,963.74,99135100,15440700000,955.49
Dec 30 2016,972.53,972.53,934.83,961.24,187474000,15630200000,953.68
Dec 29 2016,975.13,979.40,954.50,973.50,199320000,15670000000,966.95
Dec 28 2016,934.83,975.92,934.83,975.92,236630000,15020500000,955.38
Dec 27 2016,908.35,940.05,904.25,933.20,167308000,14593300000,922.15
Dec 26 2016,896.90,913.18,896.90,907.61,123771000,14407800000,905.04
Dec 25 2016,899.65,899.65,862.42,896.18,143665000,14450100000,881.03
Dec 24 2016,922.18,923.48,886.34,898.82,137727000,14810300000,904.91
Dec 23 2016,864.89,925.12,864.68,921.98,275564000,13888600000,894.90
Dec 22 2016,834.18,875.78,834.15,864.54,200027000,13393800000,854.96
Dec 21 2016,800.64,834.28,799.40,834.28,155576000,12853700000,816.84
Dec 20 2016,792.25,801.34,791.50,800.88,99629300,12717600000,796.42
Dec 19 2016,790.69,793.61,790.32,792.71,74886400,12691100000,791.97
Dec 18 2016,791.01,794.74,788.03,790.53,60524400,12694800000,791.38
Dec 17 2016,785.17,792.51,784.86,790.83,78989800,12599600000,788.68
Dec 16 2016,778.96,785.03,778.96,784.91,83608200,12498800000,782.00
Dec 15 2016,780.07,781.43,777.80,778.09,81580100,12511700000,779.62
Dec 14 2016,780.00,782.03,776.84,781.48,75979000,12512900000,779.43
Dec 13 2016,780.65,788.46,777.96,780.56,81645600,12521500000,783.21
Dec 12 2016,770.04,781.92,770.04,780.09,76571000,12349800000,775.98
Dec 11 2016,774.75,774.80,765.41,769.73,57313400,12423600000,770.11
Dec 10 2016,773.02,777.09,772.91,774.65,53843100,12394500000,775.00
Dec 09 2016,769.94,774.53,769.65,772.79,68705300,12344000000,772.09
Dec 08 2016,768.08,774.70,765.95,770.81,80111900,12312500000,770.33
Dec 07 2016,764.21,771.54,759.75,768.13,96426100,12248900000,765.64
Dec 06 2016,758.72,765.62,758.72,764.22,116218000,12159400000,762.17
Dec 05 2016,773.39,773.47,751.71,758.70,106363000,12393100000,762.59
Dec 04 2016,771.64,773.87,768.16,773.87,60557900,12363600000,771.01
Dec 03 2016,778.25,778.25,764.86,771.15,69547300,12467800000,771.56
Dec 02 2016,757.54,781.30,757.54,777.94,127605000,12134800000,769.42
Dec 01 2016,746.05,758.27,746.05,756.77,80461900,11949200000,752.16
Nov 30 2016,736.28,747.93,736.26,745.69,84070800,11791600000,742.10
Nov 29 2016,736.33,737.47,734.56,735.60,68511100,11790900000,736.01
Nov 28 2016,732.48,738.01,732.48,735.81,61888600,11727800000,735.25
Nov 27 2016,735.44,739.02,731.09,732.03,52601800,11773800000,735.06
Nov 26 2016,741.51,742.21,729.63,735.38,54962700,11869600000,735.92
Nov 25 2016,740.44,741.65,734.59,741.65,67807600,11851100000,738.12
Nov 24 2016,744.62,746.83,733.49,740.29,85919300,11916500000,740.16
Nov 23 2016,751.74,752.25,738.92,744.59,76543800,12029000000,745.59
Nov 22 2016,739.64,753.87,736.53,751.35,129906000,11834200000,745.20
Nov 21 2016,731.26,741.72,730.51,739.25,60802400,11698900000,736.12
Nov 20 2016,751.88,755.48,717.94,731.03,154116000,12027500000,736.71
Nov 19 2016,751.83,756.24,744.47,751.62,110608000,12025400000,750.36
Nov 18 2016,740.71,752.88,736.89,751.59,87363100,11846000000,744.88
Nov 17 2016,744.88,755.64,739.51,740.98,108579000,11911300000,747.58
Nov 16 2016,711.17,747.62,709.04,744.20,141294000,11370700000,728.33
Nov 15 2016,705.79,715.72,705.26,711.62,72038500,11283400000,710.49
Nov 14 2016,702.00,706.28,699.81,705.02,62993000,11214600000,703.04
Nov 13 2016,705.20,705.26,687.32,702.03,80318100,11264500000,696.29
Nov 12 2016,716.75,717.15,704.03,705.05,64622500,11447700000,710.59
Nov 11 2016,715.55,718.32,714.41,716.41,63119700,11427200000,716.37
Nov 10 2016,722.84,723.02,711.21,715.53,68807800,11542100000,717.12
Nov 09 2016,709.83,740.05,708.61,723.27,132429000,11333000000,724.33
Nov 08 2016,703.09,712.99,702.39,709.85,79660800,11224000000,707.69
Nov 07 2016,710.74,710.74,699.90,703.13,65047100,11344800000,705.32
Nov 06 2016,703.81,714.26,699.56,711.52,59902200,11233000000,706.91
Nov 05 2016,703.52,707.51,697.74,703.42,53752300,11227200000,702.62
Nov 04 2016,689.12,706.93,685.56,703.24,99907700,10996400000,696.24
Nov 03 2016,742.35,745.77,678.16,688.70,172808000,11844300000,711.96
Nov 02 2016,730.07,740.83,722.35,740.83,84865200,11647200000,731.59
Nov 01 2016,701.34,736.45,701.34,729.79,130527000,11187700000,718.89
Oct 31 2016,702.64,709.29,691.68,700.97,97064400,11207200000,700.48
Oct 30 2016,714.12,714.12,696.48,701.86,100665000,11388800000,705.30
Oct 29 2016,690.29,720.40,690.05,714.48,134761000,11007600000,705.22
Oct 28 2016,688.00,690.44,684.16,689.65,81145500,10969800000,687.30
Oct 27 2016,678.21,688.59,678.04,688.31,96105300,10812500000,683.32
Oct 26 2016,657.68,679.73,657.68,678.30,88877100,10484000000,668.70
Oct 25 2016,654.00,664.42,653.70,657.59,90378800,10424300000,659.06
Oct 24 2016,657.16,657.25,652.60,653.76,62218200,10473500000,654.92
Oct 23 2016,657.62,661.13,653.89,657.07,54474600,10479700000,657.51
Oct 22 2016,633.14,658.20,632.85,657.29,78556500,10088400000,645.53
Oct 21 2016,630.83,634.09,630.69,632.83,55951000,10050300000,632.39
Oct 20 2016,630.66,631.92,628.26,630.86,56957300,10046700000,630.09
Oct 19 2016,638.13,638.87,628.01,630.52,69381700,10164800000,633.44
Oct 18 2016,639.41,640.74,636.00,637.96,65546700,10184000000,638.37
Oct 17 2016,641.82,642.33,638.66,639.19,58063600,10221300000,640.50
Oct 16 2016,639.08,642.90,638.90,641.63,40298100,10176800000,640.90
Oct 15 2016,640.31,642.10,637.39,638.65,39035400,10195200000,639.75
Oct 14 2016,637.01,641.28,637.01,640.38,58144600,10141600000,639.14
Oct 13 2016,636.03,638.83,635.03,636.79,61620700,10125100000,636.93
Oct 12 2016,640.87,641.34,635.97,636.19,92370200,10201000000,638.65
Oct 11 2016,619.24,642.08,618.50,641.07,103590000,9855650000,630.29
Oct 10 2016,616.82,621.32,616.20,618.99,67481100,9816270000,618.76
Oct 09 2016,619.17,619.20,616.61,616.75,39243400,9852480000,617.90
Oct 08 2016,617.34,619.85,617.34,619.11,42345900,9822100000,618.60
Oct 07 2016,612.61,617.91,611.82,617.12,64071400,9745740000,614.87
Oct 06 2016,612.47,613.82,611.47,613.02,56812100,9742370000,612.64
Oct 05 2016,610.22,613.81,609.62,612.51,68077500,9705320000,611.71
Oct 04 2016,612.05,612.05,609.48,610.20,49801600,9733330000,610.76
Oct 03 2016,610.97,612.57,610.46,612.13,46798300,9714980000,611.52
Oct 02 2016,613.95,614.00,609.68,610.89,39249800,9761330000,611.84
Oct 01 2016,609.93,615.24,609.93,613.98,56357000,9696280000,612.59
Sep 30 2016,605.72,609.74,604.14,609.74,56122400,9628250000,606.94
Sep 29 2016,605.02,606.82,604.85,605.69,55658600,9616160000,605.84
Sep 28 2016,606.24,606.59,604.61,604.73,48722600,9634530000,605.60
Sep 27 2016,608.02,608.25,604.11,606.17,49422400,9661590000,606.18
Sep 26 2016,600.81,608.14,600.35,608.04,59153800,9545830000,604.25
Sep 25 2016,602.75,603.38,599.71,600.83,33977800,9575360000,601.55
Sep 24 2016,602.96,604.58,602.04,602.63,35359500,9577520000,603.31
Sep 23 2016,596.20,603.21,595.79,602.84,51067000,9469130000,599.50
Sep 22 2016,597.28,598.49,596.21,596.30,67085300,9485280000,597.35
Sep 21 2016,603.59,603.59,595.88,597.15,82776200,9584260000,599.74
Sep 20 2016,609.25,609.52,607.94,608.31,72710900,9673140000,608.73
Sep 19 2016,609.87,610.93,608.27,609.23,54796400,9681960000,609.60
Sep 18 2016,606.28,610.16,605.86,609.87,48679400,9623950000,608.01
Sep 17 2016,607.22,607.86,605.19,605.98,37140300,9637600000,606.53
Sep 16 2016,607.25,609.26,606.74,606.97,64963400,9637020000,608.00
Sep 15 2016,610.59,611.09,607.15,607.15,59464600,9688940000,609.12
Sep 14 2016,608.84,611.95,608.41,610.68,47877700,9660080000,610.18
Sep 13 2016,608.02,611.19,606.92,609.24,86920600,9645930000,609.06
Sep 12 2016,607.00,608.46,605.41,608.24,72812300,9628560000,606.93
Sep 11 2016,623.42,628.82,600.51,606.72,73610800,9887780000,614.66
Sep 10 2016,622.93,625.10,622.39,623.51,45016800,9878730000,623.75
Sep 09 2016,626.35,626.83,620.26,622.86,64550200,9931980000,623.55
Sep 08 2016,614.63,628.77,613.84,626.32,86713000,9745120000,621.31
Sep 07 2016,610.57,614.54,608.51,614.54,75032400,9679610000,611.52
Sep 06 2016,606.51,610.83,605.09,610.44,78529100,9614140000,607.96
Sep 05 2016,608.99,609.05,602.24,606.59,82446800,9652490000,605.64
Sep 04 2016,598.59,611.84,596.85,608.63,97942900,9486370000,604.35
Sep 03 2016,575.55,599.50,574.06,598.21,159014000,9120440000,586.78
Sep 02 2016,572.41,575.64,570.81,575.54,79910800,9069550000,573.22
Sep 01 2016,575.55,576.31,571.81,572.30,76923400,9118280000,574.06
Aug 31 2016,577.59,577.86,573.64,575.47,75840900,9149730000,575.75
Aug 30 2016,574.11,578.36,574.11,577.50,70342400,9093530000,576.24
Aug 29 2016,574.07,576.28,573.47,574.11,110398000,9091830000,574.88
Aug 28 2016,569.83,574.04,569.74,573.91,86301600,9023610000,571.89
Aug 27 2016,579.45,579.85,568.63,569.95,59698300,9174990000,574.24
Aug 26 2016,577.75,580.62,576.86,579.65,48856800,9147170000,578.74
Aug 25 2016,580.18,580.45,575.17,577.76,136130000,9184700000,577.81
Aug 24 2016,583.41,583.59,579.86,580.18,56328200,9234800000,581.73
Aug 23 2016,586.77,589.47,581.63,583.41,85349200,9286930000,585.55
Aug 22 2016,581.31,588.45,580.59,586.75,72844000,9199410000,584.52
Aug 21 2016,581.94,584.16,580.22,581.31,38299400,9208210000,582.19
Aug 20 2016,576.08,582.82,575.46,581.70,45301400,9114500000,579.14
Aug 19 2016,574.34,578.24,574.18,575.63,50631600,9085820000,576.21
Aug 18 2016,573.71,577.79,573.43,574.32,59896600,9074760000,575.61
Aug 17 2016,577.76,580.89,571.43,573.22,54443000,9138030000,576.16
Aug 16 2016,567.24,581.74,566.72,577.44,58405200,8970770000,574.23
Aug 15 2016,570.49,573.58,563.24,567.24,57262300,9021180000,568.41
Aug 14 2016,585.59,585.67,564.78,570.47,60851100,9258730000,575.22
Aug 13 2016,587.36,589.77,584.98,585.59,43563000,9285530000,587.38
Aug 12 2016,588.80,589.91,583.81,587.56,69218000,9307250000,586.86
Aug 11 2016,592.12,597.54,589.12,589.12,74514400,9358770000,593.33
Aug 10 2016,587.65,599.98,586.37,592.10,102905000,9286960000,593.17
Aug 09 2016,591.04,591.09,584.79,587.80,92228100,9339660000,587.94
Aug 08 2016,592.74,592.99,588.05,591.05,61194100,9365440000,590.52
Aug 07 2016,587.77,597.51,586.82,592.69,82398400,9285940000,592.16
Aug 06 2016,575.03,588.40,569.47,587.78,80797300,9083510000,578.93
Aug 05 2016,578.28,578.28,569.98,575.04,66127900,9133690000,574.13
Aug 04 2016,566.33,579.50,565.78,578.29,125292000,8943870000,572.64
Aug 03 2016,548.66,573.36,541.55,566.36,207982000,8663670000,557.45
Aug 02 2016,606.40,612.85,531.33,547.47,330933000,9574320000,572.09
Aug 01 2016,624.60,626.12,605.88,606.27,121887000,9860620000,616.00
Jul 31 2016,655.10,655.28,624.37,624.68,110818000,10340900000,639.83
Jul 30 2016,657.01,658.22,654.21,655.05,38456100,10370100000,656.22
Jul 29 2016,655.11,657.80,654.79,656.99,60703500,10338900000,656.29
Jul 28 2016,654.49,657.60,654.49,655.03,86428400,10328100000,656.05
Jul 27 2016,651.63,657.46,648.45,654.35,147461000,10281900000,652.96
Jul 26 2016,654.23,656.23,645.88,651.78,225135000,10321900000,651.06
Jul 25 2016,661.26,661.83,653.39,654.10,78176500,10431900000,657.61
Jul 24 2016,655.41,663.11,652.79,661.28,118184000,10338600000,657.95
Jul 23 2016,650.73,656.37,648.52,655.56,69532200,10263700000,652.44
Jul 22 2016,664.92,666.58,646.72,650.62,134169000,10486600000,656.65
Jul 21 2016,665.23,666.22,660.41,665.01,60491800,10490300000,663.32
Jul 20 2016,672.81,672.93,663.36,665.68,94636400,10608600000,668.14
Jul 19 2016,672.74,673.28,667.63,672.86,61203300,10606500000,670.45
Jul 18 2016,679.81,681.55,668.63,673.11,69465000,10716800000,675.09
Jul 17 2016,661.99,682.37,661.99,679.46,74407900,10434700000,672.18
Jul 16 2016,663.78,666.46,659.33,660.77,50330200,10461700000,662.89
Jul 15 2016,659.17,667.08,659.04,663.25,81673100,10387900000,663.06
Jul 14 2016,652.92,662.90,652.92,658.08,98511400,10288400000,657.91
Jul 13 2016,664.80,668.70,654.47,654.47,131449000,10474500000,661.59
Jul 12 2016,648.28,675.26,646.78,664.55,138173000,10213100000,661.02
Jul 11 2016,648.48,659.63,644.98,647.66,107910000,10215200000,652.31
Jul 10 2016,650.60,652.29,641.26,649.36,102532000,10247300000,646.77
Jul 09 2016,666.38,666.38,633.40,650.96,180536000,10493800000,649.89
Jul 08 2016,640.69,666.71,636.47,666.52,141970000,10086900000,651.59
Jul 07 2016,678.09,682.43,611.83,640.56,258091000,10673400000,647.13
Jul 06 2016,670.42,681.90,670.42,677.33,134961000,10550300000,676.16
Jul 05 2016,683.21,683.49,665.07,670.63,130476000,10749100000,674.28
Jul 04 2016,658.80,683.66,650.51,683.66,92008400,10362700000,667.09
Jul 03 2016,704.97,704.97,649.01,658.66,129512000,11086100000,676.99
Jul 02 2016,676.73,703.70,676.40,703.70,112354000,10639600000,690.05
Jul 01 2016,672.51,686.15,669.59,676.30,134431000,10570600000,677.87
Jun 30 2016,640.59,675.40,636.61,673.34,138980000,10066400000,656.00
Jun 29 2016,644.12,644.68,628.28,639.89,142456000,10119600000,636.48
Jun 28 2016,658.10,659.25,637.77,647.00,138385000,10336800000,648.51
Jun 27 2016,629.35,655.27,620.52,655.27,122134000,9882840000,637.89
Jun 26 2016,665.93,665.98,616.93,629.37,109225000,10454900000,641.45
Jun 25 2016,665.28,691.73,646.56,665.12,126656000,10442000000,669.14
Jun 24 2016,625.58,681.73,625.27,665.30,224317000,9816730000,653.50
Jun 23 2016,597.44,629.33,558.14,623.98,253462000,9373190000,593.74
Jun 22 2016,665.91,678.67,587.48,596.12,266393000,10445300000,633.08
Jun 21 2016,735.88,735.88,639.07,666.65,309944000,11540000000,687.48
Jun 20 2016,763.93,764.08,732.73,737.23,174511000,11976700000,748.40
Jun 19 2016,756.69,766.62,745.63,763.78,136185000,11859800000,756.12
Jun 18 2016,748.76,777.99,733.93,756.23,252718000,11732600000,755.96
Jun 17 2016,768.49,775.36,716.56,748.91,363321000,12038900000,745.96
Jun 16 2016,696.52,773.72,696.52,766.31,271634000,10908900000,735.12
Jun 15 2016,685.68,696.30,672.56,694.47,99223800,10736600000,684.43
Jun 14 2016,704.50,704.50,662.80,685.56,186694000,11028900000,683.65
Jun 13 2016,671.65,716.00,664.49,704.38,243295000,10511900000,690.25
Jun 12 2016,609.68,684.84,607.04,672.78,277085000,9539850000,645.94
Jun 11 2016,578.67,607.12,578.67,606.73,82357000,9052360000,592.89
Jun 10 2016,575.84,579.13,573.33,577.47,66991900,9005920000,576.23
Jun 09 2016,582.20,582.20,570.95,574.63,71301000,9103080000,576.58
Jun 08 2016,577.17,582.84,573.13,581.64,80265800,9022250000,577.99
Jun 07 2016,585.45,590.26,567.51,576.60,107770000,9149580000,578.88
Jun 06 2016,574.60,586.47,574.60,585.54,72138900,8977700000,580.54
Jun 05 2016,573.31,582.81,569.18,574.98,68874100,8955060000,575.99
Jun 04 2016,569.71,590.13,564.24,572.73,94925300,8897080000,577.18
Jun 03 2016,537.68,574.64,536.92,569.19,122020000,8395070000,555.78
Jun 02 2016,536.51,540.35,533.08,537.97,60378200,8375000000,536.72
Jun 01 2016,531.11,543.08,525.64,536.92,86061800,8288680000,534.36
May 31 2016,534.19,546.62,520.66,531.39,138450000,8335100000,533.64
May 30 2016,528.47,544.35,522.96,533.86,87958700,8243960000,533.65
May 29 2016,527.48,553.96,512.18,526.23,148737000,8226500000,533.07
May 28 2016,473.03,533.47,472.70,530.04,181199000,7375780000,503.09
May 27 2016,453.52,478.15,453.52,473.46,164781000,7070010000,465.83
May 26 2016,449.67,453.64,447.90,453.38,65203800,7008500000,450.77
May 25 2016,446.06,450.30,446.06,449.60,65231000,6950690000,448.18
May 24 2016,444.29,447.10,443.93,445.98,65783100,6921460000,445.51
May 23 2016,439.35,444.35,438.82,444.15,50582500,6842470000,441.59
May 22 2016,443.22,443.43,439.04,439.32,39657600,6900700000,441.24
May 21 2016,442.97,443.78,441.71,443.19,42762300,6895230000,442.75
May 20 2016,437.79,444.05,437.39,442.68,81987900,6813080000,440.72
May 19 2016,454.52,454.63,438.71,438.71,96027400,7072090000,446.67
May 18 2016,453.69,456.00,453.30,454.62,86850100,7057390000,454.65
May 17 2016,454.01,455.07,453.61,453.78,64100300,7060730000,454.34
May 16 2016,457.59,458.20,452.94,454.16,59171500,7114740000,455.57
May 15 2016,455.76,458.69,455.46,457.57,28514000,7084760000,457.07
May 14 2016,455.82,456.84,454.79,455.67,37209000,7084100000,455.81
May 13 2016,454.85,457.06,453.45,455.67,60845000,7067270000,455.25
May 12 2016,452.45,454.95,449.25,454.77,59849300,7028330000,452.10
May 11 2016,450.86,454.58,450.86,452.73,50605200,7002230000,452.72
May 10 2016,460.52,461.93,448.95,450.89,58956100,7150370000,455.44
May 09 2016,458.21,462.48,456.53,460.48,55493100,7112510000,459.50
May 08 2016,458.43,459.42,455.98,458.55,40315000,7114060000,457.70
May 07 2016,459.64,460.68,457.32,458.54,38364500,7131120000,459.00
May 06 2016,447.94,461.38,447.07,459.60,72796800,6947800000,454.23
May 05 2016,446.71,448.51,445.88,447.98,50440800,6926990000,447.19
May 04 2016,450.18,450.38,445.63,446.72,50407300,6978950000,448.00
May 03 2016,444.73,451.10,442.62,450.30,59366400,6892690000,446.86
May 02 2016,451.93,452.44,441.78,444.67,92127000,7002610000,447.11
May 01 2016,448.48,452.48,447.93,451.88,40660100,6947430000,450.21
Apr 30 2016,455.18,455.59,447.70,448.32,69322600,7049460000,451.64
Apr 29 2016,449.41,455.38,446.02,455.10,49258500,6958330000,450.70
Apr 28 2016,445.04,449.55,436.65,449.01,74064700,6889170000,443.10
Apr 27 2016,466.26,467.08,444.13,444.69,93564900,7216190000,455.61
Apr 26 2016,461.65,467.96,461.62,466.09,78971900,7143060000,464.79
Apr 25 2016,459.12,466.62,453.59,461.43,87091800,7102490000,460.11
Apr 24 2016,450.56,460.15,448.93,458.56,68198400,6968570000,454.54
Apr 23 2016,445.86,450.28,444.33,450.28,50485400,6894280000,447.30
Apr 22 2016,449.69,449.81,444.15,445.74,58804400,6951860000,446.98
Apr 21 2016,441.42,450.55,440.95,449.43,68204700,6822320000,445.75
Apr 20 2016,435.32,443.05,434.41,441.39,72890100,6726370000,438.73
Apr 19 2016,428.70,436.02,428.10,435.51,52810500,6622450000,432.06
Apr 18 2016,427.61,429.27,427.09,428.59,55670900,6604150000,428.18
Apr 17 2016,430.64,431.37,426.08,427.40,52125900,6649170000,428.73
Apr 16 2016,429.57,432.63,428.98,430.57,39392800,6631310000,430.81
Apr 15 2016,424.43,429.93,424.43,429.71,54801500,6550350000,427.18
Apr 14 2016,423.94,425.37,423.01,424.28,45281000,6541030000,424.19
Apr 13 2016,425.63,426.66,422.92,423.73,69060400,6565470000,424.79
Apr 12 2016,422.84,427.28,422.84,425.19,70728800,6520870000,425.06
Apr 11 2016,421.87,422.74,420.53,422.48,50747500,6504290000,421.63
Apr 10 2016,419.59,422.44,419.26,421.56,73478600,6467330000,420.85
Apr 09 2016,420.81,420.89,416.51,419.41,49792700,6484410000,418.70
Apr 08 2016,422.91,425.36,419.63,420.35,63454700,6515190000,422.50
Apr 07 2016,423.62,423.66,420.52,422.75,57858600,6524680000,422.09
Apr 06 2016,424.28,424.53,422.73,423.41,59091000,6533260000,423.63
Apr 05 2016,421.02,424.26,420.61,424.03,60718000,6481350000,422.44
Apr 04 2016,421.30,422.34,419.60,421.44,50634300,6483910000,420.97
Apr 03 2016,421.17,421.58,419.70,420.90,38053700,6480470000,420.64
Apr 02 2016,418.42,422.08,418.42,420.87,45681200,6436700000,420.25
Apr 01 2016,416.76,418.17,415.83,417.96,51235700,6409540000,417.00
Mar 31 2016,415.26,418.37,415.26,416.73,60215200,6385140000,416.81
Mar 30 2016,416.83,416.83,412.50,414.82,66034100,6407840000,414.66
Mar 29 2016,424.30,426.20,412.68,416.52,75411500,6521010000,419.44
Mar 28 2016,426.55,426.86,423.29,424.23,68522800,6553700000,425.08
Mar 27 2016,418.14,428.80,417.71,426.76,71229400,6423040000,423.25
Mar 26 2016,417.37,418.99,416.26,417.94,44650400,6409500000,417.62
Mar 25 2016,416.51,418.08,415.56,417.18,52560000,6394850000,416.82
Mar 24 2016,418.42,418.68,415.49,416.39,68346700,6422730000,417.09
Mar 23 2016,418.16,419.27,417.36,418.04,61444200,6417130000,418.31
Mar 22 2016,413.13,418.38,412.53,418.09,66813300,6338430000,415.45
Mar 21 2016,413.42,413.42,410.38,413.31,61655400,6341380000,411.90
Mar 20 2016,410.40,414.63,410.40,413.75,45947900,6293610000,412.51
Mar 19 2016,409.26,410.98,407.23,410.44,58423000,6274790000,409.11
Mar 18 2016,420.55,420.55,406.14,409.55,104940000,6446330000,413.35
Mar 17 2016,417.89,421.00,417.89,420.62,83528600,6404130000,419.44
Mar 16 2016,416.89,417.69,415.91,417.01,65185800,6387190000,416.80
Mar 15 2016,416.39,418.13,414.99,416.83,66781700,6377870000,416.56
Mar 14 2016,414.20,416.68,414.20,416.44,95259400,6342780000,415.44
Mar 13 2016,411.65,416.60,411.64,414.06,74322800,6302330000,414.12
Mar 12 2016,421.61,421.80,410.09,411.62,92712900,6453260000,415.94
Mar 11 2016,417.24,423.93,417.01,421.69,73969700,6384740000,420.47
Mar 10 2016,414.74,417.51,413.25,417.13,81022900,6344960000,415.38
Mar 09 2016,413.89,416.03,411.61,414.86,70012300,6330230000,413.82
Mar 08 2016,414.46,416.24,411.09,413.97,70311700,6337370000,413.66
Mar 07 2016,407.76,415.92,406.31,414.32,85762400,6233430000,411.12
Mar 06 2016,400.52,411.91,395.78,407.71,91212500,6121400000,403.85
Mar 05 2016,410.78,411.26,394.04,400.57,135385000,6276610000,402.65
Mar 04 2016,421.84,425.18,410.94,410.94,90856100,6443890000,418.06
Mar 03 2016,423.91,425.37,419.41,421.65,100484000,6474150000,422.39
Mar 02 2016,435.13,435.92,423.99,423.99,74955300,6643810000,429.96
Mar 01 2016,437.92,439.65,432.32,435.12,74895800,6684800000,435.99
Feb 29 2016,433.44,441.51,431.69,437.70,60694700,6614980000,436.60
Feb 28 2016,432.57,435.68,423.82,433.50,53033400,6600310000,429.75
Feb 27 2016,432.84,434.23,428.10,432.52,41893600,6602810000,431.17
Feb 26 2016,424.63,432.15,421.62,432.15,61486000,6476080000,426.88
Feb 25 2016,425.04,427.72,420.42,424.54,70798000,6480650000,424.07
Feb 24 2016,420.96,425.55,413.91,424.95,67743700,6417190000,419.73
Feb 23 2016,438.25,439.86,417.82,420.74,85244900,6679400000,428.84
Feb 22 2016,438.99,439.05,432.92,437.75,85385200,6689200000,435.99
Feb 21 2016,437.77,448.05,429.08,438.80,89820700,6669260000,438.56
Feb 20 2016,421.60,441.98,421.60,437.16,93992100,6421310000,431.79
Feb 19 2016,422.73,423.10,417.60,420.79,55711300,6436980000,420.35
Feb 18 2016,416.57,426.00,415.64,422.37,76752600,6341430000,420.82
Feb 17 2016,407.66,421.17,406.78,416.32,83193600,6204150000,413.98
Feb 16 2016,401.43,408.94,401.43,407.49,73093100,6108040000,405.19
Feb 15 2016,407.57,410.38,397.75,400.19,74070500,6199850000,404.06
Feb 14 2016,392.93,407.23,392.93,407.23,74469800,5975580000,400.08
Feb 13 2016,384.64,391.86,384.64,391.86,61911700,5847990000,388.25
Feb 12 2016,379.69,384.95,379.60,384.26,67042800,5771040000,382.27
Feb 11 2016,382.11,383.13,376.40,379.65,74375600,5806110000,379.76
Feb 10 2016,376.15,385.48,375.78,381.65,85130900,5713880000,380.63
Feb 09 2016,373.42,377.25,372.90,376.03,55318500,5670880000,375.07
Feb 08 2016,376.76,379.88,373.33,373.45,47671100,5720100000,376.61
Feb 07 2016,376.51,380.87,374.90,376.62,37076300,5714760000,377.88
Feb 06 2016,386.59,386.63,372.39,376.52,49249300,5865740000,379.51
Feb 05 2016,388.90,391.09,385.57,386.55,43825000,5898960000,388.33
Feb 04 2016,370.17,391.61,369.99,389.59,69285500,5613380000,380.80
Feb 03 2016,374.65,374.95,368.05,369.95,45933400,5679530000,371.50
Feb 02 2016,372.92,375.88,372.92,374.45,40378700,5651690000,374.40
Feb 01 2016,369.35,378.07,367.96,373.06,51656700,5596090000,373.01
Jan 31 2016,378.29,380.35,367.83,368.77,37894300,5729870000,374.09
Jan 30 2016,378.87,380.92,376.49,378.25,30284400,5736760000,378.71
Jan 29 2016,380.11,384.38,365.45,379.47,86125300,5753970000,374.91
Jan 28 2016,395.15,395.50,379.74,380.29,59247900,5980180000,387.62
Jan 27 2016,392.44,396.84,391.78,394.97,47424400,5937780000,394.31
Jan 26 2016,392.00,397.77,390.57,392.15,58147000,5929520000,394.17
Jan 25 2016,402.32,402.32,388.55,391.73,59062400,6083900000,395.44
Jan 24 2016,388.10,405.49,387.51,402.97,54824800,5867300000,396.50
Jan 23 2016,382.43,394.54,381.98,387.49,56247400,5779890000,388.26
Jan 22 2016,409.75,410.41,375.28,382.49,91546600,6190940000,392.85
Jan 21 2016,419.63,422.88,406.30,410.26,68338000,6338800000,414.59
Jan 20 2016,379.74,425.27,376.60,420.23,121720000,5734760000,400.94
Jan 19 2016,387.03,387.73,378.97,380.15,46819800,5843510000,383.35
Jan 18 2016,381.73,388.10,376.67,387.17,54403900,5761940000,382.38
Jan 17 2016,387.15,390.96,380.09,382.30,45319600,5842270000,385.52
Jan 16 2016,365.07,390.56,354.91,387.54,120352000,5507790000,372.74
Jan 15 2016,430.25,430.25,364.33,364.33,153351000,6489870000,397.29
Jan 14 2016,432.29,433.32,427.85,430.31,43945500,6519110000,430.59
Jan 13 2016,434.67,435.19,424.44,432.37,173888000,6553350000,429.81
Jan 12 2016,448.18,448.18,435.69,435.69,115607000,6755220000,441.94
Jan 11 2016,448.70,450.66,443.86,448.43,40450000,6761090000,447.26
Jan 10 2016,448.24,448.31,440.35,447.99,35995900,6752210000,444.33
Jan 09 2016,453.38,454.64,446.89,447.61,32278000,6828000000,450.76
Jan 08 2016,457.54,462.93,447.94,453.23,56993000,6888600000,455.44
Jan 07 2016,430.01,458.77,429.08,458.05,87562200,6472580000,443.92
Jan 06 2016,431.86,431.86,426.34,429.11,34042500,6498830000,429.10
Jan 05 2016,433.07,434.18,429.68,431.96,34522600,6515380000,431.93
Jan 04 2016,430.06,434.52,429.08,433.09,38477500,6468180000,431.80
Jan 03 2016,433.58,433.74,424.71,430.01,39633800,6519500000,429.23
Jan 02 2016,434.62,436.06,431.87,433.44,30096600,6533630000,433.97
Jan 01 2016,430.72,436.25,427.51,434.33,36278900,6473530000,431.88
Dec 31 2015,425.88,432.92,418.74,430.57,45996600,6399190000,425.83
Dec 30 2015,433.30,434.39,422.08,426.62,46889400,6508960000,428.24
Dec 29 2015,422.10,432.98,420.63,432.98,51596500,6339010000,426.81
Dec 28 2015,423.34,429.77,418.48,422.28,49638600,6356100000,424.12
Dec 27 2015,416.51,424.01,408.88,422.82,53591200,6251440000,416.44
Dec 26 2015,455.76,457.49,405.76,417.27,116166000,6838480000,431.62
Dec 25 2015,454.86,458.31,452.07,455.65,39078500,6823120000,455.19
Dec 24 2015,443.09,458.46,443.08,454.99,57157200,6645120000,450.77
Dec 23 2015,436.72,444.53,436.62,442.40,47161400,6547850000,440.57
Dec 22 2015,437.44,443.69,435.52,436.57,50840400,6556960000,439.61
Dec 21 2015,442.84,444.73,427.31,438.64,77639700,6636280000,436.02
Dec 20 2015,462.23,462.64,434.34,442.69,75409400,6925030000,448.49
Dec 19 2015,463.55,465.58,456.76,462.32,47892700,6942950000,461.17
Dec 18 2015,455.85,465.18,454.94,463.62,60220100,6825640000,460.06
Dec 17 2015,454.78,457.86,448.86,456.08,47978400,6807850000,453.36
Dec 16 2015,465.21,465.21,443.85,454.93,107944000,6962090000,454.53
Dec 15 2015,443.88,465.32,443.88,465.32,83121100,6640850000,454.60
Dec 14 2015,433.27,447.14,430.46,444.18,130496000,6480070000,438.80
Dec 13 2015,431.66,441.68,426.27,433.75,55050600,6454430000,433.98
Dec 12 2015,452.33,469.10,410.74,435.00,131969000,6761730000,439.92
Dec 11 2015,415.28,451.94,415.28,451.94,110944000,6206150000,433.61
Dec 10 2015,417.99,419.51,411.55,415.48,52138900,6244360000,415.53
Dec 09 2015,414.44,423.12,406.29,417.56,90917200,6189620000,414.71
Dec 08 2015,395.75,415.56,389.95,415.56,57801400,5908810000,402.75
Dec 07 2015,389.98,399.97,385.41,395.54,63455800,5821140000,392.69
Dec 06 2015,389.56,402.81,387.09,388.78,77762000,5813290000,394.95
Dec 05 2015,363.72,389.79,363.23,388.95,66282200,5426180000,376.51
Dec 04 2015,361.26,363.52,355.76,363.18,35784100,5388110000,359.64
Dec 03 2015,359.33,370.27,357.41,361.05,50714900,5358040000,363.84
Dec 02 2015,361.85,362.23,349.46,359.19,54160500,5394070000,355.85
Dec 01 2015,377.41,378.93,356.56,362.49,60452200,5624580000,367.75
Nov 30 2015,371.44,382.36,370.38,377.32,71701600,5534000000,376.37
Nov 29 2015,357.47,371.94,355.67,371.29,40409300,5324610000,363.81
Nov 28 2015,357.14,359.54,352.17,357.38,36816600,5318300000,355.86
Nov 27 2015,351.86,363.59,347.87,358.04,55179100,5238500000,355.73
Nov 26 2015,328.30,366.76,328.23,352.68,106105000,4886330000,347.50
Nov 25 2015,320.05,329.13,316.77,328.21,41666900,4762230000,322.95
Nov 24 2015,323.01,323.06,318.12,320.05,29362600,4805160000,320.59
Nov 23 2015,324.35,325.12,321.29,323.05,27478900,4823700000,323.21
Nov 22 2015,326.98,327.01,321.26,324.54,23439400,4861340000,324.13
Nov 21 2015,322.09,328.16,319.60,326.93,28200500,4787340000,323.88
Nov 20 2015,326.41,326.47,312.22,322.02,53152900,4850170000,319.35
Nov 19 2015,334.68,335.33,325.27,326.15,45011100,4971880000,330.30
Nov 18 2015,334.59,336.53,330.64,334.59,43783800,4969330000,333.58
Nov 17 2015,330.36,338.35,329.61,335.09,51001600,4905260000,333.98
Nov 16 2015,319.74,331.63,315.90,330.75,47980100,4746070000,323.76
Nov 15 2015,333.05,334.66,317.49,320.17,44213100,4942420000,326.08
Nov 14 2015,336.62,338.18,329.97,332.91,38612000,4994250000,334.08
Nov 13 2015,338.50,340.91,326.07,336.75,52003000,5020700000,333.49
Nov 12 2015,314.08,345.08,313.36,338.15,78477800,4657240000,329.22
Nov 11 2015,339.82,340.58,301.00,311.08,107070000,5037510000,320.79
Nov 10 2015,379.98,381.39,329.11,336.82,95797900,5631520000,355.25
Nov 09 2015,374.32,385.28,362.89,380.26,68224400,5546240000,374.08
Nov 08 2015,384.28,389.89,368.70,373.37,51817600,5692390000,379.29
Nov 07 2015,374.27,390.59,372.43,386.48,56625100,5542680000,381.51
Nov 06 2015,388.05,395.84,354.02,374.47,122687000,5745320000,374.93
Nov 05 2015,408.08,447.56,374.58,386.35,151825000,6040410000,411.07
Nov 04 2015,403.66,495.56,380.55,411.56,263900000,5973510000,438.06
Nov 03 2015,361.87,417.90,357.65,403.42,206162000,5353680000,387.77
Nov 02 2015,325.94,365.36,323.21,361.19,101918000,4820850000,344.28
Nov 01 2015,315.00,327.47,311.88,325.43,37001100,4657890000,319.68
Oct 31 2015,328.51,332.78,309.25,314.17,48598100,4856410000,321.01
Oct 30 2015,313.94,334.17,313.94,328.01,78305000,4639690000,324.06
Oct 29 2015,304.32,318.17,301.82,313.86,64495900,4496390000,310.00
Oct 28 2015,293.70,306.33,293.70,304.62,50808100,4338430000,300.01
Oct 27 2015,285.18,296.21,285.01,293.79,46331800,4211500000,290.61
Oct 26 2015,283.63,285.30,280.51,285.30,32108800,4187410000,282.90
Oct 25 2015,281.44,294.06,281.44,283.68,45717100,4154100000,287.75
Oct 24 2015,276.50,281.71,276.50,281.65,25942400,4080140000,279.11
Oct 23 2015,273.65,278.68,273.54,276.50,29442500,4037010000,276.11
Oct 22 2015,266.50,276.51,266.13,274.02,37808600,3930500000,271.32
Oct 21 2015,269.31,270.77,263.84,266.27,25637300,3970980000,267.30
Oct 20 2015,263.57,270.83,263.23,269.46,30889800,3885570000,267.03
Oct 19 2015,261.86,264.82,260.95,263.44,25258800,3859270000,262.88
Oct 18 2015,270.91,271.67,260.78,261.64,22434300,3991620000,266.23
Oct 17 2015,262.75,273.58,262.37,270.64,43199600,3870490000,267.98
Oct 16 2015,254.30,266.13,253.93,262.87,35901500,3745090000,260.03
Oct 15 2015,252.11,255.96,252.05,254.32,25223500,3711800000,254.00
Oct 14 2015,249.49,254.28,248.90,251.99,27462600,3672370000,251.59
Oct 13 2015,245.20,250.24,243.76,249.51,28198500,3608340000,247.00
Oct 12 2015,246.88,247.45,245.18,245.31,17388300,3632110000,246.31
Oct 11 2015,244.74,247.24,244.15,247.05,16827300,3599840000,245.69
Oct 10 2015,243.74,245.32,243.07,244.94,15912700,3584120000,244.19
Oct 09 2015,242.50,244.23,242.12,243.93,17353100,3565090000,243.18
Oct 08 2015,243.07,244.25,242.18,242.30,18515300,3572730000,243.22
Oct 07 2015,246.17,246.68,242.59,242.97,22999200,3617400000,244.63
Oct 06 2015,240.36,246.94,240.14,246.06,27535100,3531230000,243.54
Oct 05 2015,238.15,240.38,237.03,240.38,23335900,3497740000,238.70
Oct 04 2015,238.53,238.97,237.94,238.26,12999000,3502460000,238.45
Oct 03 2015,237.20,239.31,236.94,238.73,16482700,3482100000,238.12
Oct 02 2015,237.26,238.54,236.60,237.29,19677900,3482190000,237.57
Oct 01 2015,236.00,238.44,235.62,237.55,20488800,3462800000,237.03
Sep 30 2015,236.64,237.73,235.63,236.06,19743500,3471280000,236.68
Sep 29 2015,239.02,239.80,235.93,236.69,22691300,3505090000,237.87
Sep 28 2015,232.84,239.34,232.47,239.14,24713000,3413630000,235.91
Sep 27 2015,234.14,234.53,232.48,232.76,14179900,3431860000,233.50
Sep 26 2015,235.08,235.40,233.36,234.34,13724100,3444730000,234.38
Sep 25 2015,234.36,237.43,233.68,235.14,22363600,3433300000,235.56
Sep 24 2015,230.36,235.65,230.29,234.53,25097800,3373850000,232.97
Sep 23 2015,230.94,231.84,229.59,230.28,17254100,3381390000,230.72
Sep 22 2015,226.97,232.39,225.12,230.62,25009300,3322420000,228.75
Sep 21 2015,231.22,231.22,226.52,227.09,19678800,3383840000,228.87
Sep 20 2015,231.40,232.37,230.91,231.21,14444700,3385770000,231.64
Sep 19 2015,232.86,233.21,231.09,231.49,12712600,3406390000,232.15
Sep 18 2015,233.52,234.35,232.19,232.97,20242200,3415440000,233.27
Sep 17 2015,229.08,230.28,228.93,229.81,18935400,3349390000,229.61
Sep 16 2015,230.25,231.22,227.40,229.09,20144200,3365740000,229.31
Sep 15 2015,230.49,259.18,229.82,230.30,19177800,3368360000,244.50
Sep 14 2015,230.61,232.44,227.96,230.64,20997800,3369190000,230.20
Sep 13 2015,235.24,235.94,229.33,230.51,18478800,3435990000,232.63
Sep 12 2015,239.85,240.12,234.75,235.23,17962600,3502520000,237.44
Sep 11 2015,238.33,241.17,238.33,240.11,19224700,3479310000,239.75
Sep 10 2015,238.34,241.29,235.79,238.48,21215500,3478410000,238.54
Sep 09 2015,243.41,244.42,237.82,238.17,23635700,3551640000,241.12
Sep 08 2015,239.85,245.78,239.68,243.61,26879200,3498750000,242.73
Sep 07 2015,239.93,242.11,238.72,239.85,21192200,3499120000,240.42
Sep 06 2015,234.87,242.91,234.68,239.84,25473700,3424420000,238.80
Sep 05 2015,230.20,236.14,229.44,235.02,20671400,3355470000,232.79
Sep 04 2015,227.22,230.90,227.05,230.30,20962400,3311080000,228.98
Sep 03 2015,229.32,229.60,226.67,227.18,17482000,3340990000,228.13
Sep 02 2015,228.03,230.58,226.47,229.28,18760400,3321180000,228.53
Sep 01 2015,230.26,231.22,226.86,228.12,20575200,3352760000,229.04
Aug 31 2015,229.11,231.96,225.91,230.06,20710700,3335220000,228.94
Aug 30 2015,229.90,232.07,226.25,228.76,19412600,3345740000,229.16
Aug 29 2015,231.55,233.22,227.33,229.78,17142500,3368880000,230.28
Aug 28 2015,224.70,235.22,220.93,231.40,31336600,3268370000,228.07
Aug 27 2015,226.05,228.64,223.68,224.77,21905400,3287220000,226.16
Aug 26 2015,222.08,231.18,220.20,225.83,31808000,3228540000,225.69
Aug 25 2015,210.07,226.32,199.57,221.61,61089200,3053250000,212.94
Aug 24 2015,228.11,228.14,210.44,210.50,59220700,3314640000,219.29
Aug 23 2015,230.38,232.71,225.58,228.17,18406600,3346760000,229.15
Aug 22 2015,232.66,234.96,222.70,230.39,23205900,3379050000,228.83
Aug 21 2015,235.35,236.43,231.72,232.57,23173800,3417200000,234.07
Aug 20 2015,226.90,237.37,226.90,235.35,32275000,3293570000,232.13
Aug 19 2015,225.67,237.41,222.77,226.68,60869200,3274860000,230.09
Aug 18 2015,257.93,257.99,211.08,211.08,42147200,3742020000,234.54
Aug 17 2015,258.49,260.50,257.12,257.98,21617900,3749260000,258.81
Aug 16 2015,261.87,262.44,257.04,258.51,29717000,3797330000,259.74
Aug 15 2015,265.53,266.67,261.30,261.55,19321100,3849530000,263.99
Aug 14 2015,264.13,267.47,261.48,265.68,27091200,3828340000,264.48
Aug 13 2015,266.18,266.23,262.84,264.08,27685500,3857090000,264.53
Aug 12 2015,270.60,270.67,265.47,266.38,26815400,3920210000,268.07
Aug 11 2015,264.34,270.39,264.09,270.39,25433900,3828500000,267.24
Aug 10 2015,265.48,267.03,262.60,264.47,20979400,3843850000,264.81
Aug 09 2015,261.12,267.00,260.47,265.08,23789600,3779770000,263.74
Aug 08 2015,279.74,279.93,260.71,261.00,58533000,4048270000,270.32
Aug 07 2015,278.74,280.39,276.37,279.58,42484800,4032820000,278.38
Aug 06 2015,281.91,281.91,278.40,278.58,18792100,4077600000,280.15
Aug 05 2015,284.85,285.50,281.49,281.88,20128000,4119190000,283.50
Aug 04 2015,281.23,285.71,281.23,285.22,21908700,4065870000,283.47
Aug 03 2015,282.81,285.47,280.23,281.23,21474100,4087610000,282.85
Aug 02 2015,280.45,283.03,277.53,282.61,17722200,4052470000,280.28
Aug 01 2015,284.69,284.93,278.11,281.60,18995000,4112610000,281.52
Jul 31 2015,287.70,288.96,282.34,284.65,23629100,4155010000,285.65
Jul 30 2015,289.10,290.13,286.57,287.72,21635800,4174360000,288.35
Jul 29 2015,294.48,294.54,288.78,289.59,24672600,4250940000,291.66
Jul 28 2015,293.63,296.65,293.42,294.43,25453600,4237650000,295.03
Jul 27 2015,292.64,297.77,287.45,293.62,30592000,4222210000,292.61
Jul 26 2015,288.64,293.05,287.71,292.69,16032300,4163470000,290.38
Jul 25 2015,288.16,290.73,286.00,288.70,20662200,4155500000,288.37
Jul 24 2015,276.00,289.25,275.25,288.28,37199400,3978990000,282.25
Jul 23 2015,277.34,278.11,275.72,276.05,18531300,3997290000,276.92
Jul 22 2015,275.66,277.67,274.38,277.22,19389800,3971960000,276.02
Jul 21 2015,278.88,280.55,275.42,275.83,22930700,4017540000,277.99
Jul 20 2015,273.50,278.98,272.96,278.98,22711400,3938930000,275.97
Jul 19 2015,274.77,275.67,272.51,273.61,15332500,3956140000,274.09
Jul 18 2015,279.33,282.53,274.07,274.90,25187100,4020820000,278.30
Jul 17 2015,278.09,280.28,272.04,279.47,27591400,4001950000,276.16
Jul 16 2015,286.04,291.18,275.24,278.09,49482600,4115410000,283.21
Jul 15 2015,288.05,293.25,285.37,285.83,27486600,4143120000,289.31
Jul 14 2015,292.03,296.15,286.64,287.46,28727200,4199450000,291.39
Jul 13 2015,310.83,310.95,281.01,292.05,62053900,4468540000,295.98
Jul 12 2015,293.14,314.39,292.50,310.87,56405000,4213280000,303.44
Jul 11 2015,284.88,298.51,283.53,293.12,41109900,4093500000,291.02
Jul 10 2015,269.16,294.59,268.80,284.89,100390000,3866510000,281.69
Jul 09 2015,270.83,272.33,267.09,269.23,40301200,3889620000,269.71
Jul 08 2015,265.98,272.97,264.39,270.79,36980200,3818970000,268.68
Jul 07 2015,269.96,271.34,264.83,266.21,28857600,3875220000,268.08
Jul 06 2015,271.11,277.42,267.60,269.03,49154800,3890430000,272.51
Jul 05 2015,260.81,274.51,258.70,271.91,44156100,3741670000,266.61
Jul 04 2015,256.49,261.46,254.20,260.89,15620400,3678800000,257.83
Jul 03 2015,255.46,257.08,253.50,256.34,19033800,3662970000,255.29
Jul 02 2015,258.55,261.63,254.12,255.41,21551900,3706320000,257.88
Jul 01 2015,263.35,265.17,255.77,258.62,27029800,3774140000,260.47
Jun 30 2015,257.04,267.87,255.95,263.07,44533800,3682790000,261.91
Jun 29 2015,248.72,257.17,248.58,257.06,34742900,3562790000,252.88
Jun 28 2015,250.96,251.17,247.43,249.01,15137600,3593900000,249.30
Jun 27 2015,243.55,251.34,243.12,250.99,20488600,3487060000,247.23
Jun 26 2015,242.60,243.75,241.55,243.59,13983500,3472580000,242.65
Jun 25 2015,240.37,243.33,240.37,242.80,16133100,3439620000,241.85
Jun 24 2015,244.28,244.34,240.51,240.51,17344900,3494730000,242.43
Jun 23 2015,246.93,247.30,243.13,244.30,15108700,3531700000,245.22
Jun 22 2015,243.97,247.92,243.78,246.99,17692500,3488460000,245.85
Jun 21 2015,245.10,245.22,241.88,243.94,10600900,3503880000,243.55
Jun 20 2015,244.53,245.83,240.63,245.21,20608100,3494910000,243.23
Jun 19 2015,249.04,250.98,243.79,244.61,23965300,3558500000,247.38
Jun 18 2015,249.43,252.11,244.13,249.01,30980200,3563010000,248.12
Jun 17 2015,250.82,256.85,246.48,249.28,43858400,3581960000,251.67
Jun 16 2015,236.76,251.74,236.12,250.90,41612000,3380500000,243.93
Jun 15 2015,233.42,237.84,233.42,236.82,19912100,3331930000,235.63
Jun 14 2015,232.44,234.86,232.00,233.54,12165900,3317080000,233.43
Jun 13 2015,229.92,232.65,229.21,232.40,13305300,3280180000,230.93
Jun 12 2015,229.71,231.06,229.31,229.98,14017700,3276290000,230.19
Jun 11 2015,228.85,230.29,228.77,229.71,14416000,3263390000,229.53
Jun 10 2015,229.00,229.78,228.01,228.80,15904800,3264420000,228.89
Jun 09 2015,228.54,230.95,227.93,229.05,28353100,3257050000,229.44
Jun 08 2015,222.88,229.46,222.84,228.49,23378400,3175520000,226.15
Jun 07 2015,225.60,226.19,222.65,222.88,13318400,3213390000,224.42
Jun 06 2015,225.00,225.72,224.38,225.62,11131500,3203980000,225.05
Jun 05 2015,224.15,225.97,223.18,224.95,18056500,3191080000,224.57
Jun 04 2015,225.77,226.58,224.05,224.32,14728100,3213320000,225.31
Jun 03 2015,225.74,227.40,223.93,225.87,17752400,3212010000,225.67
Jun 02 2015,222.89,226.42,222.42,225.80,20459000,3170730000,224.42
Jun 01 2015,230.23,231.71,221.30,222.93,26090500,3274370000,226.50
May 31 2015,233.13,233.25,229.54,230.19,14730800,3314780000,231.39
May 30 2015,237.09,237.09,232.05,233.34,14098600,3370240000,234.57
May 29 2015,237.38,237.52,235.73,237.10,14805000,3373380000,236.62
May 28 2015,237.26,237.82,236.65,237.41,13829600,3370890000,237.24
May 27 2015,237.06,238.64,236.69,237.28,18837000,3367340000,237.66
May 26 2015,237.10,238.24,235.69,237.12,16425000,3367040000,236.97
May 25 2015,240.93,241.02,236.64,237.11,14423900,3420480000,238.83
May 24 2015,238.98,241.98,238.81,240.95,11508000,3391910000,240.39
May 23 2015,240.29,241.03,238.69,238.87,14605000,3409830000,239.86
May 22 2015,235.32,240.97,235.06,240.35,27003000,3338560000,238.01
May 21 2015,234.02,236.24,233.84,235.34,15108900,3319140000,235.04
May 20 2015,231.89,234.68,231.84,234.02,15499400,3288140000,233.26
May 19 2015,233.04,234.15,231.82,231.95,14241900,3303650000,232.99
May 18 2015,236.89,237.21,232.46,233.13,16780300,3357380000,234.84
May 17 2015,236.01,238.03,236.01,236.80,11134300,3343940000,237.02
May 16 2015,237.64,237.70,235.29,236.15,11089700,3366300000,236.50
May 15 2015,236.96,238.75,236.79,237.60,16329400,3355680000,237.77
May 14 2015,236.21,237.80,234.06,236.93,24413700,3344280000,235.93
May 13 2015,241.40,243.70,235.04,236.38,27180100,3416690000,239.37
May 12 2015,242.15,242.88,240.10,241.11,19282600,3426350000,241.49
May 11 2015,240.30,244.27,239.38,242.16,20892300,3399290000,241.82
May 10 2015,241.73,244.07,238.85,240.30,15019100,3418740000,241.46
May 09 2015,243.77,247.80,239.64,241.83,19790500,3446790000,243.72
May 08 2015,237.20,246.28,236.27,243.86,27445500,3353090000,241.28
May 07 2015,229.66,239.10,228.57,237.33,29064400,3245660000,233.83
May 06 2015,236.25,236.45,229.23,229.78,29587200,3337790000,232.84
May 05 2015,238.85,239.20,232.05,236.12,23929100,3373650000,235.62
May 04 2015,240.36,242.64,237.81,239.02,21223400,3394130000,240.22
May 03 2015,234.88,243.24,234.08,240.36,18494100,3315980000,238.66
May 02 2015,232.34,235.73,232.34,234.93,12535500,3279270000,234.03
May 01 2015,235.94,238.97,232.08,232.08,18815300,3329190000,235.53
